-- phpMyAdmin SQL Dump
-- version 4.2.7.1
-- http://www.phpmyadmin.net
--
-- Client :  localhost
-- Généré le :  Lun 20 Octobre 2014 à 07:39
-- Version du serveur :  5.6.20
-- Version de PHP :  5.5.15

SET SQL_MODE = "NO_AUTO_VALUE_ON_ZERO";
SET time_zone = "+00:00";


/*!40101 SET @OLD_CHARACTER_SET_CLIENT=@@CHARACTER_SET_CLIENT */;
/*!40101 SET @OLD_CHARACTER_SET_RESULTS=@@CHARACTER_SET_RESULTS */;
/*!40101 SET @OLD_COLLATION_CONNECTION=@@COLLATION_CONNECTION */;
/*!40101 SET NAMES utf8 */;

--
-- Base de données :  `ds9database`
--

-- --------------------------------------------------------

--
-- Structure de la table `auth_group`
--

CREATE TABLE IF NOT EXISTS `auth_group` (
`id` int(11) NOT NULL,
  `name` varchar(80) NOT NULL
) ENGINE=InnoDB DEFAULT CHARSET=latin1 AUTO_INCREMENT=1 ;

-- --------------------------------------------------------

--
-- Structure de la table `auth_group_permissions`
--

CREATE TABLE IF NOT EXISTS `auth_group_permissions` (
`id` int(11) NOT NULL,
  `group_id` int(11) NOT NULL,
  `permission_id` int(11) NOT NULL
) ENGINE=InnoDB DEFAULT CHARSET=latin1 AUTO_INCREMENT=1 ;

-- --------------------------------------------------------

--
-- Structure de la table `auth_permission`
--

CREATE TABLE IF NOT EXISTS `auth_permission` (
`id` int(11) NOT NULL,
  `name` varchar(50) NOT NULL,
  `content_type_id` int(11) NOT NULL,
  `codename` varchar(100) NOT NULL
) ENGINE=InnoDB  DEFAULT CHARSET=latin1 AUTO_INCREMENT=43 ;

--
-- Contenu de la table `auth_permission`
--

INSERT INTO `auth_permission` (`id`, `name`, `content_type_id`, `codename`) VALUES
(1, 'Can add log entry', 1, 'add_logentry'),
(2, 'Can change log entry', 1, 'change_logentry'),
(3, 'Can delete log entry', 1, 'delete_logentry'),
(4, 'Can add permission', 2, 'add_permission'),
(5, 'Can change permission', 2, 'change_permission'),
(6, 'Can delete permission', 2, 'delete_permission'),
(7, 'Can add group', 3, 'add_group'),
(8, 'Can change group', 3, 'change_group'),
(9, 'Can delete group', 3, 'delete_group'),
(10, 'Can add user', 4, 'add_user'),
(11, 'Can change user', 4, 'change_user'),
(12, 'Can delete user', 4, 'delete_user'),
(13, 'Can add content type', 5, 'add_contenttype'),
(14, 'Can change content type', 5, 'change_contenttype'),
(15, 'Can delete content type', 5, 'delete_contenttype'),
(16, 'Can add session', 6, 'add_session'),
(17, 'Can change session', 6, 'change_session'),
(18, 'Can delete session', 6, 'delete_session'),
(19, 'Can add par folder', 7, 'add_parfolder'),
(20, 'Can change par folder', 7, 'change_parfolder'),
(21, 'Can delete par folder', 7, 'delete_parfolder'),
(22, 'Can add galaxy', 8, 'add_galaxy'),
(23, 'Can change galaxy', 8, 'change_galaxy'),
(24, 'Can delete galaxy', 8, 'delete_galaxy'),
(25, 'Can add galaxy fields', 9, 'add_galaxyfields'),
(26, 'Can change galaxy fields', 9, 'change_galaxyfields'),
(27, 'Can delete galaxy fields', 9, 'delete_galaxyfields'),
(28, 'Can add galaxy features', 10, 'add_galaxyfeatures'),
(29, 'Can change galaxy features', 10, 'change_galaxyfeatures'),
(30, 'Can delete galaxy features', 10, 'delete_galaxyfeatures'),
(31, 'Can add emission line', 11, 'add_emissionline'),
(32, 'Can change emission line', 11, 'change_emissionline'),
(33, 'Can delete emission line', 11, 'delete_emissionline'),
(34, 'Can add emission line fields', 12, 'add_emissionlinefields'),
(35, 'Can change emission line fields', 12, 'change_emissionlinefields'),
(36, 'Can delete emission line fields', 12, 'delete_emissionlinefields'),
(37, 'Can add emission features', 13, 'add_emissionfeatures'),
(38, 'Can change emission features', 13, 'change_emissionfeatures'),
(39, 'Can delete emission features', 13, 'delete_emissionfeatures'),
(40, 'Can add analysis', 14, 'add_analysis'),
(41, 'Can change analysis', 14, 'change_analysis'),
(42, 'Can delete analysis', 14, 'delete_analysis');

-- --------------------------------------------------------

--
-- Structure de la table `auth_user`
--

CREATE TABLE IF NOT EXISTS `auth_user` (
`id` int(11) NOT NULL,
  `password` varchar(128) NOT NULL,
  `last_login` datetime NOT NULL,
  `is_superuser` tinyint(1) NOT NULL,
  `username` varchar(30) NOT NULL,
  `first_name` varchar(30) NOT NULL,
  `last_name` varchar(30) NOT NULL,
  `email` varchar(75) NOT NULL,
  `is_staff` tinyint(1) NOT NULL,
  `is_active` tinyint(1) NOT NULL,
  `date_joined` datetime NOT NULL
) ENGINE=InnoDB  DEFAULT CHARSET=latin1 AUTO_INCREMENT=2 ;

--
-- Contenu de la table `auth_user`
--

INSERT INTO `auth_user` (`id`, `password`, `last_login`, `is_superuser`, `username`, `first_name`, `last_name`, `email`, `is_staff`, `is_active`, `date_joined`) VALUES
(1, 'pbkdf2_sha256$12000$oK89VrqS25Fc$tM6cNCh4sittBnNBEUTUTV1HocqnndiwYkB54jX7+cM=', '2014-10-20 00:43:09', 1, 'root', 'Lucas', 'Guibert', 'lucas.guibert@viacesi.fr', 1, 1, '2014-10-20 00:43:05');

-- --------------------------------------------------------

--
-- Structure de la table `auth_user_groups`
--

CREATE TABLE IF NOT EXISTS `auth_user_groups` (
`id` int(11) NOT NULL,
  `user_id` int(11) NOT NULL,
  `group_id` int(11) NOT NULL
) ENGINE=InnoDB DEFAULT CHARSET=latin1 AUTO_INCREMENT=1 ;

-- --------------------------------------------------------

--
-- Structure de la table `auth_user_user_permissions`
--

CREATE TABLE IF NOT EXISTS `auth_user_user_permissions` (
`id` int(11) NOT NULL,
  `user_id` int(11) NOT NULL,
  `permission_id` int(11) NOT NULL
) ENGINE=InnoDB DEFAULT CHARSET=latin1 AUTO_INCREMENT=1 ;

-- --------------------------------------------------------

--
-- Structure de la table `django_admin_log`
--

CREATE TABLE IF NOT EXISTS `django_admin_log` (
`id` int(11) NOT NULL,
  `action_time` datetime NOT NULL,
  `object_id` longtext,
  `object_repr` varchar(200) NOT NULL,
  `action_flag` smallint(5) unsigned NOT NULL,
  `change_message` longtext NOT NULL,
  `content_type_id` int(11) DEFAULT NULL,
  `user_id` int(11) NOT NULL
) ENGINE=InnoDB DEFAULT CHARSET=latin1 AUTO_INCREMENT=1 ;

-- --------------------------------------------------------

--
-- Structure de la table `django_content_type`
--

CREATE TABLE IF NOT EXISTS `django_content_type` (
`id` int(11) NOT NULL,
  `name` varchar(100) NOT NULL,
  `app_label` varchar(100) NOT NULL,
  `model` varchar(100) NOT NULL
) ENGINE=InnoDB  DEFAULT CHARSET=latin1 AUTO_INCREMENT=15 ;

--
-- Contenu de la table `django_content_type`
--

INSERT INTO `django_content_type` (`id`, `name`, `app_label`, `model`) VALUES
(1, 'log entry', 'admin', 'logentry'),
(2, 'permission', 'auth', 'permission'),
(3, 'group', 'auth', 'group'),
(4, 'user', 'auth', 'user'),
(5, 'content type', 'contenttypes', 'contenttype'),
(6, 'session', 'sessions', 'session'),
(7, 'par folder', 'ds9s', 'parfolder'),
(8, 'galaxy', 'ds9s', 'galaxy'),
(9, 'galaxy fields', 'ds9s', 'galaxyfields'),
(10, 'galaxy features', 'ds9s', 'galaxyfeatures'),
(11, 'emission line', 'ds9s', 'emissionline'),
(12, 'emission line fields', 'ds9s', 'emissionlinefields'),
(13, 'emission features', 'ds9s', 'emissionfeatures'),
(14, 'analysis', 'ds9s', 'analysis');

-- --------------------------------------------------------

--
-- Structure de la table `django_migrations`
--

CREATE TABLE IF NOT EXISTS `django_migrations` (
`id` int(11) NOT NULL,
  `app` varchar(255) NOT NULL,
  `name` varchar(255) NOT NULL,
  `applied` datetime NOT NULL
) ENGINE=InnoDB  DEFAULT CHARSET=latin1 AUTO_INCREMENT=5 ;

--
-- Contenu de la table `django_migrations`
--

INSERT INTO `django_migrations` (`id`, `app`, `name`, `applied`) VALUES
(1, 'contenttypes', '0001_initial', '2014-10-18 00:13:48'),
(2, 'auth', '0001_initial', '2014-10-18 00:13:49'),
(3, 'admin', '0001_initial', '2014-10-18 00:13:49'),
(4, 'sessions', '0001_initial', '2014-10-18 00:13:49');

-- --------------------------------------------------------

--
-- Structure de la table `django_session`
--

CREATE TABLE IF NOT EXISTS `django_session` (
  `session_key` varchar(40) NOT NULL,
  `session_data` longtext NOT NULL,
  `expire_date` datetime NOT NULL
) ENGINE=InnoDB DEFAULT CHARSET=latin1;

--
-- Contenu de la table `django_session`
--

INSERT INTO `django_session` (`session_key`, `session_data`, `expire_date`) VALUES
('ddsvq8cksob8xu6size7dpxsxh0cfkg3', 'MjY3MWUzNjY2MzRhMmUwZDUwMmVkOWIxZWNlYjhlODA1MDdhNDgyYTp7Il9hdXRoX3VzZXJfaGFzaCI6IjYwOWMxZDEzMGU4NDhjZTAyNzRjM2MxNDIzZWQ1NjlkZDJjZDZkOWUiLCJfYXV0aF91c2VyX2JhY2tlbmQiOiJkamFuZ28uY29udHJpYi5hdXRoLmJhY2tlbmRzLk1vZGVsQmFja2VuZCIsIl9hdXRoX3VzZXJfaWQiOjF9', '2014-10-21 00:43:09'),
('z56s2qtiztoo6t8rnfpgu5p8676f263j', 'MDJkOGNlZmRkYzM0YTkzZTUzMTk5MDQ1YzNjYTMyNDVlZDhmZWU5Njp7Il9hdXRoX3VzZXJfaGFzaCI6IjJhYzY1ZTU5M2IxNmJjZWFjMTQ0ZTc5OGY2ZDAxNTg4MGNiNDg0YjYiLCJfYXV0aF91c2VyX2JhY2tlbmQiOiJkamFuZ28uY29udHJpYi5hdXRoLmJhY2tlbmRzLk1vZGVsQmFja2VuZCIsIl9hdXRoX3VzZXJfaWQiOjF9', '2014-10-19 19:40:53');

-- --------------------------------------------------------

--
-- Structure de la table `ds9s_analysis`
--

CREATE TABLE IF NOT EXISTS `ds9s_analysis` (
`id` int(11) NOT NULL,
  `user_id` int(11) NOT NULL,
  `galaxy_id` int(11) NOT NULL,
  `emissionline_id` int(11) NOT NULL,
  `value` decimal(19,10) NOT NULL
) ENGINE=InnoDB  DEFAULT CHARSET=latin1 AUTO_INCREMENT=5 ;

--
-- Contenu de la table `ds9s_analysis`
--

INSERT INTO `ds9s_analysis` (`id`, `user_id`, `galaxy_id`, `emissionline_id`, `value`) VALUES
(1, 1, 1, 1, '2.0000000000'),
(2, 2, 1, 2, '22.0000000000'),
(3, 1, 104, 1, '2.0000000000'),
(4, 2, 104, 2, '5.0000000000');

-- --------------------------------------------------------

--
-- Structure de la table `ds9s_emissionfeatures`
--

CREATE TABLE IF NOT EXISTS `ds9s_emissionfeatures` (
`id` int(11) NOT NULL,
  `emissionlinefields_id` int(11) NOT NULL,
  `emissionline_id` int(11) NOT NULL
) ENGINE=InnoDB  DEFAULT CHARSET=latin1 AUTO_INCREMENT=171 ;

--
-- Contenu de la table `ds9s_emissionfeatures`
--

INSERT INTO `ds9s_emissionfeatures` (`id`, `emissionlinefields_id`, `emissionline_id`) VALUES
(1, 1, 1),
(2, 2, 1),
(3, 3, 1),
(4, 4, 1),
(5, 5, 1),
(6, 6, 1),
(7, 7, 1),
(8, 8, 1),
(9, 9, 1),
(10, 10, 1),
(11, 11, 1),
(12, 12, 1),
(13, 13, 1),
(14, 14, 1),
(15, 15, 1),
(16, 16, 1),
(17, 17, 1),
(18, 1, 2),
(19, 2, 2),
(20, 3, 2),
(21, 4, 2),
(22, 5, 2),
(23, 6, 2),
(24, 7, 2),
(25, 8, 2),
(26, 9, 2),
(27, 10, 2),
(28, 11, 2),
(29, 12, 2),
(30, 13, 2),
(31, 14, 2),
(32, 15, 2),
(33, 16, 2),
(34, 17, 2),
(35, 1, 3),
(36, 2, 3),
(37, 3, 3),
(38, 4, 3),
(39, 5, 3),
(40, 6, 3),
(41, 7, 3),
(42, 8, 3),
(43, 9, 3),
(44, 10, 3),
(45, 11, 3),
(46, 12, 3),
(47, 13, 3),
(48, 14, 3),
(49, 15, 3),
(50, 16, 3),
(51, 17, 3),
(52, 1, 4),
(53, 2, 4),
(54, 3, 4),
(55, 4, 4),
(56, 5, 4),
(57, 6, 4),
(58, 7, 4),
(59, 8, 4),
(60, 9, 4),
(61, 10, 4),
(62, 11, 4),
(63, 12, 4),
(64, 13, 4),
(65, 14, 4),
(66, 15, 4),
(67, 16, 4),
(68, 17, 4),
(69, 1, 5),
(70, 2, 5),
(71, 3, 5),
(72, 4, 5),
(73, 5, 5),
(74, 6, 5),
(75, 7, 5),
(76, 8, 5),
(77, 9, 5),
(78, 10, 5),
(79, 11, 5),
(80, 12, 5),
(81, 13, 5),
(82, 14, 5),
(83, 15, 5),
(84, 16, 5),
(85, 17, 5),
(86, 1, 6),
(87, 2, 6),
(88, 3, 6),
(89, 4, 6),
(90, 5, 6),
(91, 6, 6),
(92, 7, 6),
(93, 8, 6),
(94, 9, 6),
(95, 10, 6),
(96, 11, 6),
(97, 12, 6),
(98, 13, 6),
(99, 14, 6),
(100, 15, 6),
(101, 16, 6),
(102, 17, 6),
(103, 1, 7),
(104, 2, 7),
(105, 3, 7),
(106, 4, 7),
(107, 5, 7),
(108, 6, 7),
(109, 7, 7),
(110, 8, 7),
(111, 9, 7),
(112, 10, 7),
(113, 11, 7),
(114, 12, 7),
(115, 13, 7),
(116, 14, 7),
(117, 15, 7),
(118, 16, 7),
(119, 17, 7),
(120, 1, 8),
(121, 2, 8),
(122, 3, 8),
(123, 4, 8),
(124, 5, 8),
(125, 6, 8),
(126, 7, 8),
(127, 8, 8),
(128, 9, 8),
(129, 10, 8),
(130, 11, 8),
(131, 12, 8),
(132, 13, 8),
(133, 14, 8),
(134, 15, 8),
(135, 16, 8),
(136, 17, 8),
(137, 1, 9),
(138, 2, 9),
(139, 3, 9),
(140, 4, 9),
(141, 5, 9),
(142, 6, 9),
(143, 7, 9),
(144, 8, 9),
(145, 9, 9),
(146, 10, 9),
(147, 11, 9),
(148, 12, 9),
(149, 13, 9),
(150, 14, 9),
(151, 15, 9),
(152, 16, 9),
(153, 17, 9),
(154, 1, 10),
(155, 2, 10),
(156, 3, 10),
(157, 4, 10),
(158, 5, 10),
(159, 6, 10),
(160, 7, 10),
(161, 8, 10),
(162, 9, 10),
(163, 10, 10),
(164, 11, 10),
(165, 12, 10),
(166, 13, 10),
(167, 14, 10),
(168, 15, 10),
(169, 16, 10),
(170, 17, 10);

-- --------------------------------------------------------

--
-- Structure de la table `ds9s_emissionline`
--

CREATE TABLE IF NOT EXISTS `ds9s_emissionline` (
`id` int(11) NOT NULL,
  `name` varchar(254) NOT NULL,
  `shortname` varchar(254) NOT NULL
) ENGINE=InnoDB  DEFAULT CHARSET=latin1 AUTO_INCREMENT=11 ;

--
-- Contenu de la table `ds9s_emissionline`
--

INSERT INTO `ds9s_emissionline` (`id`, `name`, `shortname`) VALUES
(1, 'NeV', 'NeV'),
(2, 'OII', 'OII'),
(3, 'NeIII', 'NeIII'),
(4, 'Hbeta', 'Hb'),
(5, 'OIII', 'OIII'),
(6, 'Halpha', 'Ha'),
(7, 'SII', 'SII'),
(8, 'SIII_9069', 'SIII_9069'),
(9, 'SIII_9532', 'SIII_9532'),
(10, 'HeI_10830', 'HeI_10830');

-- --------------------------------------------------------

--
-- Structure de la table `ds9s_emissionlinefields`
--

CREATE TABLE IF NOT EXISTS `ds9s_emissionlinefields` (
`id` int(11) NOT NULL,
  `name` varchar(254) NOT NULL,
  `shortname` varchar(254) NOT NULL
) ENGINE=InnoDB  DEFAULT CHARSET=latin1 AUTO_INCREMENT=18 ;

--
-- Contenu de la table `ds9s_emissionlinefields`
--

INSERT INTO `ds9s_emissionlinefields` (`id`, `name`, `shortname`) VALUES
(1, 'ni', 'ni'),
(2, 'nl', 'nl'),
(3, 'z', 'z'),
(4, 'zerr', 'zerr'),
(5, 'zflag', 'zflag'),
(6, 'fwhm', 'fwhm'),
(7, 'fwhmerr', 'fwhmerr'),
(8, 'fwhmflag', 'fwhmflag'),
(9, 'ew', 'ew'),
(10, 'flux', 'flux'),
(11, 'fluxerr', 'fluxerr'),
(12, 'sonn', 'sonn'),
(13, 'fluxflag', 'fluxflag'),
(14, 'contamflag', 'contamflag'),
(15, 'edgeflag', 'edgeflag'),
(16, 'lam', 'lam'),
(17, 'qualflag', 'qualflag');

-- --------------------------------------------------------

--
-- Structure de la table `ds9s_galaxy`
--

CREATE TABLE IF NOT EXISTS `ds9s_galaxy` (
`id` int(11) NOT NULL,
  `uniq_id` int(11) NOT NULL,
  `last_update` datetime NOT NULL,
  `uniq_name` varchar(254) DEFAULT NULL,
  `generated` tinyint(1) NOT NULL,
  `parfolder_id` int(11) NOT NULL
) ENGINE=InnoDB  DEFAULT CHARSET=latin1 AUTO_INCREMENT=568 ;

--
-- Contenu de la table `ds9s_galaxy`
--

INSERT INTO `ds9s_galaxy` (`id`, `uniq_id`, `last_update`, `uniq_name`, `generated`, `parfolder_id`) VALUES
(1, 402, '2014-10-18 20:08:18', '402_8066fe6c-5702-11e4-87d8-000c29864e9b', 0, 1),
(2, 2119, '2014-10-18 20:08:18', '2119_8076766c-5702-11e4-87d8-000c29864e9b', 0, 1),
(3, 75, '2014-10-18 20:08:18', '75_807d0072-5702-11e4-87d8-000c29864e9b', 0, 1),
(4, 185, '2014-10-18 20:08:18', '185_80865b2c-5702-11e4-87d8-000c29864e9b', 0, 1),
(5, 10, '2014-10-18 20:08:18', '10_808eafb6-5702-11e4-87d8-000c29864e9b', 0, 1),
(6, 371, '2014-10-18 20:08:18', '371_80943238-5702-11e4-87d8-000c29864e9b', 0, 1),
(7, 2122, '2014-10-18 20:08:18', '2122_809e3c38-5702-11e4-87d8-000c29864e9b', 0, 1),
(8, 211, '2014-10-18 20:08:18', '211_80a6de1a-5702-11e4-87d8-000c29864e9b', 0, 1),
(9, 42, '2014-10-18 20:08:18', '42_80b08b7c-5702-11e4-87d8-000c29864e9b', 0, 1),
(10, 238, '2014-10-18 20:08:18', '238_80b8e8da-5702-11e4-87d8-000c29864e9b', 0, 1),
(11, 165, '2014-10-18 20:08:18', '165_80c25988-5702-11e4-87d8-000c29864e9b', 0, 1),
(12, 2012, '2014-10-18 20:08:19', '2012_80c88466-5702-11e4-87d8-000c29864e9b', 0, 1),
(13, 7, '2014-10-18 20:08:19', '7_80d0939a-5702-11e4-87d8-000c29864e9b', 0, 1),
(14, 240, '2014-10-18 20:08:19', '240_80d96c2c-5702-11e4-87d8-000c29864e9b', 0, 1),
(15, 2028, '2014-10-18 20:08:19', '2028_80e15248-5702-11e4-87d8-000c29864e9b', 0, 1),
(16, 89, '2014-10-18 20:08:19', '89_80eb44e2-5702-11e4-87d8-000c29864e9b', 0, 1),
(17, 1010, '2014-10-18 20:08:19', '1010_80f34cbe-5702-11e4-87d8-000c29864e9b', 0, 1),
(18, 162, '2014-10-18 20:08:19', '162_80fc5afc-5702-11e4-87d8-000c29864e9b', 0, 1),
(19, 2079, '2014-10-18 20:08:19', '2079_8101da4a-5702-11e4-87d8-000c29864e9b', 0, 1),
(20, 73, '2014-10-18 20:08:19', '73_810b55fc-5702-11e4-87d8-000c29864e9b', 0, 1),
(21, 1011, '2014-10-18 20:08:19', '1011_8114c5d8-5702-11e4-87d8-000c29864e9b', 0, 1),
(22, 2097, '2014-10-18 20:08:19', '2097_811c204e-5702-11e4-87d8-000c29864e9b', 0, 1),
(23, 2098, '2014-10-18 20:08:19', '2098_812acb94-5702-11e4-87d8-000c29864e9b', 0, 1),
(24, 147, '2014-10-18 20:08:19', '147_813f281e-5702-11e4-87d8-000c29864e9b', 0, 1),
(25, 1002, '2014-10-18 20:08:19', '1002_8150e5b8-5702-11e4-87d8-000c29864e9b', 0, 1),
(26, 308, '2014-10-18 20:08:20', '308_81634b5e-5702-11e4-87d8-000c29864e9b', 0, 1),
(27, 137, '2014-10-18 20:08:20', '137_816ebf7a-5702-11e4-87d8-000c29864e9b', 0, 1),
(28, 184, '2014-10-18 20:08:20', '184_817718dc-5702-11e4-87d8-000c29864e9b', 0, 1),
(29, 2150, '2014-10-18 20:08:20', '2150_81809150-5702-11e4-87d8-000c29864e9b', 0, 1),
(30, 2001, '2014-10-18 20:08:20', '2001_818a6e0a-5702-11e4-87d8-000c29864e9b', 0, 1),
(31, 50, '2014-10-18 20:08:20', '50_8193da9e-5702-11e4-87d8-000c29864e9b', 0, 1),
(32, 168, '2014-10-18 20:08:20', '168_81998e94-5702-11e4-87d8-000c29864e9b', 0, 1),
(33, 239, '2014-10-18 20:08:20', '239_81a10e1c-5702-11e4-87d8-000c29864e9b', 0, 1),
(34, 83, '2014-10-18 20:08:20', '83_81aa4770-5702-11e4-87d8-000c29864e9b', 0, 1),
(35, 342, '2014-10-18 20:08:20', '342_81bfde0a-5702-11e4-87d8-000c29864e9b', 0, 1),
(36, 34, '2014-10-18 20:08:20', '34_81d27e16-5702-11e4-87d8-000c29864e9b', 0, 1),
(37, 253, '2014-10-18 20:08:20', '253_81db0644-5702-11e4-87d8-000c29864e9b', 0, 1),
(38, 2058, '2014-10-18 20:08:20', '2058_81e5c156-5702-11e4-87d8-000c29864e9b', 0, 1),
(39, 150, '2014-10-18 20:08:20', '150_81f0bef8-5702-11e4-87d8-000c29864e9b', 0, 1),
(40, 149, '2014-10-18 20:08:21', '149_81f92336-5702-11e4-87d8-000c29864e9b', 0, 1),
(41, 103, '2014-10-18 20:08:21', '103_82050b10-5702-11e4-87d8-000c29864e9b', 0, 1),
(42, 385, '2014-10-18 20:08:21', '385_820add92-5702-11e4-87d8-000c29864e9b', 0, 1),
(43, 16, '2014-10-18 20:08:21', '16_821435f4-5702-11e4-87d8-000c29864e9b', 0, 1),
(44, 297, '2014-10-18 20:08:21', '297_821b6cd4-5702-11e4-87d8-000c29864e9b', 0, 1),
(45, 203, '2014-10-18 20:08:21', '203_8226de3e-5702-11e4-87d8-000c29864e9b', 0, 1),
(46, 257, '2014-10-18 20:08:21', '257_822ff172-5702-11e4-87d8-000c29864e9b', 0, 1),
(47, 318, '2014-10-18 20:08:21', '318_82353416-5702-11e4-87d8-000c29864e9b', 0, 1),
(48, 261, '2014-10-18 20:08:21', '261_823b0ab2-5702-11e4-87d8-000c29864e9b', 0, 1),
(49, 2013, '2014-10-18 20:08:21', '2013_8244a5ea-5702-11e4-87d8-000c29864e9b', 0, 1),
(50, 233, '2014-10-18 20:08:21', '233_825ed834-5702-11e4-87d8-000c29864e9b', 0, 1),
(51, 363, '2014-10-18 20:08:21', '363_8267342a-5702-11e4-87d8-000c29864e9b', 0, 1),
(52, 2101, '2014-10-18 20:08:21', '2101_826ef070-5702-11e4-87d8-000c29864e9b', 0, 1),
(53, 139, '2014-10-18 20:08:21', '139_82839192-5702-11e4-87d8-000c29864e9b', 0, 1),
(54, 219, '2014-10-18 20:08:21', '219_828e8bc4-5702-11e4-87d8-000c29864e9b', 0, 1),
(55, 28, '2014-10-18 20:08:22', '28_8294cdcc-5702-11e4-87d8-000c29864e9b', 0, 1),
(56, 209, '2014-10-18 20:08:22', '209_829ac09c-5702-11e4-87d8-000c29864e9b', 0, 1),
(57, 152, '2014-10-18 20:08:22', '152_82a4775e-5702-11e4-87d8-000c29864e9b', 0, 1),
(58, 45, '2014-10-18 20:08:22', '45_82ae92ca-5702-11e4-87d8-000c29864e9b', 0, 1),
(59, 1013, '2014-10-18 20:08:22', '1013_82b4fce6-5702-11e4-87d8-000c29864e9b', 0, 1),
(60, 218, '2014-10-18 20:08:22', '218_82bd9b80-5702-11e4-87d8-000c29864e9b', 0, 1),
(61, 336, '2014-10-18 20:08:22', '336_82c356c4-5702-11e4-87d8-000c29864e9b', 0, 1),
(62, 146, '2014-10-18 20:08:22', '146_82c9045c-5702-11e4-87d8-000c29864e9b', 0, 1),
(63, 2059, '2014-10-18 20:08:22', '2059_82d27b86-5702-11e4-87d8-000c29864e9b', 0, 1),
(64, 312, '2014-10-18 20:08:22', '312_82da1404-5702-11e4-87d8-000c29864e9b', 0, 1),
(65, 372, '2014-10-18 20:08:22', '372_82dfdb64-5702-11e4-87d8-000c29864e9b', 0, 1),
(66, 343, '2014-10-18 20:08:22', '343_82ea2eca-5702-11e4-87d8-000c29864e9b', 0, 1),
(67, 90, '2014-10-18 20:08:22', '90_82f6e908-5702-11e4-87d8-000c29864e9b', 0, 1),
(68, 132, '2014-10-18 20:08:22', '132_8300fa1a-5702-11e4-87d8-000c29864e9b', 0, 1),
(69, 2086, '2014-10-18 20:08:22', '2086_8308dc80-5702-11e4-87d8-000c29864e9b', 0, 1),
(70, 287, '2014-10-18 20:08:22', '287_830e9724-5702-11e4-87d8-000c29864e9b', 0, 1),
(71, 2137, '2014-10-18 20:08:22', '2137_83182a82-5702-11e4-87d8-000c29864e9b', 0, 1),
(72, 135, '2014-10-18 20:08:22', '135_8320836c-5702-11e4-87d8-000c29864e9b', 0, 1),
(73, 2051, '2014-10-18 20:08:22', '2051_8325ac98-5702-11e4-87d8-000c29864e9b', 0, 1),
(74, 166, '2014-10-18 20:08:23', '166_8333ff3c-5702-11e4-87d8-000c29864e9b', 0, 1),
(75, 225, '2014-10-18 20:08:23', '225_833c718a-5702-11e4-87d8-000c29864e9b', 0, 1),
(76, 323, '2014-10-18 20:08:23', '323_83433100-5702-11e4-87d8-000c29864e9b', 0, 1),
(77, 305, '2014-10-18 20:08:23', '305_834b60d2-5702-11e4-87d8-000c29864e9b', 0, 1),
(78, 235, '2014-10-18 20:08:23', '235_83514178-5702-11e4-87d8-000c29864e9b', 0, 1),
(79, 208, '2014-10-18 20:08:23', '208_835b8188-5702-11e4-87d8-000c29864e9b', 0, 1),
(80, 1019, '2014-10-18 20:08:23', '1019_8360df3e-5702-11e4-87d8-000c29864e9b', 0, 1),
(81, 215, '2014-10-18 20:08:23', '215_8367d2b2-5702-11e4-87d8-000c29864e9b', 0, 1),
(82, 254, '2014-10-18 20:08:23', '254_8372ac8c-5702-11e4-87d8-000c29864e9b', 0, 1),
(83, 170, '2014-10-18 20:08:23', '170_837891ce-5702-11e4-87d8-000c29864e9b', 0, 1),
(84, 213, '2014-10-18 20:08:23', '213_8380330c-5702-11e4-87d8-000c29864e9b', 0, 1),
(85, 2126, '2014-10-18 20:08:23', '2126_838997d0-5702-11e4-87d8-000c29864e9b', 0, 1),
(86, 2048, '2014-10-18 20:08:23', '2048_838f3e06-5702-11e4-87d8-000c29864e9b', 0, 1),
(87, 2050, '2014-10-18 20:08:23', '2050_83969fc0-5702-11e4-87d8-000c29864e9b', 0, 1),
(88, 2026, '2014-10-18 20:08:23', '2026_83a13b9c-5702-11e4-87d8-000c29864e9b', 0, 1),
(89, 395, '2014-10-18 20:08:23', '395_83a86fe8-5702-11e4-87d8-000c29864e9b', 0, 1),
(90, 317, '2014-10-18 20:08:23', '317_83b07d78-5702-11e4-87d8-000c29864e9b', 0, 1),
(91, 114, '2014-10-18 20:08:23', '114_83b5da0c-5702-11e4-87d8-000c29864e9b', 0, 1),
(92, 255, '2014-10-18 20:08:23', '255_83beb410-5702-11e4-87d8-000c29864e9b', 0, 1),
(93, 259, '2014-10-18 20:08:24', '259_83c944ca-5702-11e4-87d8-000c29864e9b', 0, 1),
(94, 2120, '2014-10-18 20:08:24', '2120_83d1af5c-5702-11e4-87d8-000c29864e9b', 0, 1),
(95, 177, '2014-10-18 20:08:24', '177_83d9c3cc-5702-11e4-87d8-000c29864e9b', 0, 1),
(96, 380, '2014-10-18 20:08:24', '380_83ecb05e-5702-11e4-87d8-000c29864e9b', 0, 1),
(97, 2084, '2014-10-18 20:08:24', '2084_83f4dcc0-5702-11e4-87d8-000c29864e9b', 0, 1),
(98, 414, '2014-10-18 20:08:24', '414_83ffab28-5702-11e4-87d8-000c29864e9b', 0, 1),
(99, 284, '2014-10-18 20:08:24', '284_840716ce-5702-11e4-87d8-000c29864e9b', 0, 1),
(100, 326, '2014-10-18 20:08:24', '326_840ed60c-5702-11e4-87d8-000c29864e9b', 0, 1),
(101, 1020, '2014-10-18 20:08:24', '1020_84167ee8-5702-11e4-87d8-000c29864e9b', 0, 1),
(102, 245, '2014-10-18 20:08:24', '245_841eaee2-5702-11e4-87d8-000c29864e9b', 0, 1),
(103, 157, '2014-10-18 20:08:24', '157_842acc36-5702-11e4-87d8-000c29864e9b', 0, 1),
(104, 1, '2014-10-18 22:41:21', '1_84302bfe-5702-11e4-87d8-000c29864e9b', 1, 1),
(105, 400, '2014-10-18 20:08:24', '400_84396962-5702-11e4-87d8-000c29864e9b', 0, 1),
(106, 329, '2014-10-18 20:08:24', '329_84430652-5702-11e4-87d8-000c29864e9b', 0, 1),
(107, 409, '2014-10-18 20:08:24', '409_84493f2c-5702-11e4-87d8-000c29864e9b', 0, 1),
(108, 2113, '2014-10-18 20:08:24', '2113_844f28f6-5702-11e4-87d8-000c29864e9b', 0, 1),
(109, 93, '2014-10-18 20:08:25', '93_845ab22a-5702-11e4-87d8-000c29864e9b', 0, 1),
(110, 246, '2014-10-18 20:08:25', '246_84649b1e-5702-11e4-87d8-000c29864e9b', 0, 1),
(111, 58, '2014-10-18 20:08:25', '58_846df920-5702-11e4-87d8-000c29864e9b', 0, 1),
(112, 117, '2014-10-18 20:08:25', '117_8474fbc6-5702-11e4-87d8-000c29864e9b', 0, 1),
(113, 2007, '2014-10-18 20:08:25', '2007_847cab82-5702-11e4-87d8-000c29864e9b', 0, 1),
(114, 129, '2014-10-18 20:08:25', '129_84878688-5702-11e4-87d8-000c29864e9b', 0, 1),
(115, 346, '2014-10-18 20:08:25', '346_84900fd8-5702-11e4-87d8-000c29864e9b', 0, 1),
(116, 348, '2014-10-18 20:08:25', '348_849554d4-5702-11e4-87d8-000c29864e9b', 0, 1),
(117, 193, '2014-10-18 20:08:25', '193_849f1dfc-5702-11e4-87d8-000c29864e9b', 0, 1),
(118, 337, '2014-10-18 20:08:25', '337_84a54b64-5702-11e4-87d8-000c29864e9b', 0, 1),
(119, 101, '2014-10-18 20:08:25', '101_84af26d4-5702-11e4-87d8-000c29864e9b', 0, 1),
(120, 247, '2014-10-18 20:08:25', '247_84bac41c-5702-11e4-87d8-000c29864e9b', 0, 1),
(121, 2040, '2014-10-18 20:08:25', '2040_84c3ec2c-5702-11e4-87d8-000c29864e9b', 0, 1),
(122, 2104, '2014-10-18 20:08:25', '2104_84ccc0a4-5702-11e4-87d8-000c29864e9b', 0, 1),
(123, 231, '2014-10-18 20:08:25', '231_84d28df4-5702-11e4-87d8-000c29864e9b', 0, 1),
(124, 104, '2014-10-18 20:08:25', '104_84e07aae-5702-11e4-87d8-000c29864e9b', 0, 1),
(125, 2029, '2014-10-18 20:08:25', '2029_84e9bf6a-5702-11e4-87d8-000c29864e9b', 0, 1),
(126, 2076, '2014-10-18 20:08:26', '2076_84f44516-5702-11e4-87d8-000c29864e9b', 0, 1),
(127, 144, '2014-10-18 20:08:26', '144_84fb67f6-5702-11e4-87d8-000c29864e9b', 0, 1),
(128, 2063, '2014-10-18 20:08:26', '2063_8507012e-5702-11e4-87d8-000c29864e9b', 0, 1),
(129, 289, '2014-10-18 20:08:26', '289_850d1870-5702-11e4-87d8-000c29864e9b', 0, 1),
(130, 404, '2014-10-18 20:08:26', '404_851f8a1e-5702-11e4-87d8-000c29864e9b', 0, 1),
(131, 244, '2014-10-18 20:08:26', '244_85263260-5702-11e4-87d8-000c29864e9b', 0, 1),
(132, 205, '2014-10-18 20:08:26', '205_852bf434-5702-11e4-87d8-000c29864e9b', 0, 1),
(133, 2070, '2014-10-18 20:08:26', '2070_85376260-5702-11e4-87d8-000c29864e9b', 0, 1),
(134, 40, '2014-10-18 20:08:26', '40_853f06e6-5702-11e4-87d8-000c29864e9b', 0, 1),
(135, 2114, '2014-10-18 20:08:26', '2114_8544833c-5702-11e4-87d8-000c29864e9b', 0, 1),
(136, 151, '2014-10-18 20:08:26', '151_8557976a-5702-11e4-87d8-000c29864e9b', 0, 1),
(137, 2136, '2014-10-18 20:08:26', '2136_855e0ef6-5702-11e4-87d8-000c29864e9b', 0, 1),
(138, 130, '2014-10-18 20:08:26', '130_85668414-5702-11e4-87d8-000c29864e9b', 0, 1),
(139, 70, '2014-10-18 20:08:26', '70_8570822a-5702-11e4-87d8-000c29864e9b', 0, 1),
(140, 69, '2014-10-18 20:08:26', '69_85787a5c-5702-11e4-87d8-000c29864e9b', 0, 1),
(141, 2056, '2014-10-18 20:08:27', '2056_858eff34-5702-11e4-87d8-000c29864e9b', 0, 1),
(142, 200, '2014-10-18 20:08:27', '200_8597fbb6-5702-11e4-87d8-000c29864e9b', 0, 1),
(143, 359, '2014-10-18 20:08:27', '359_859f8e44-5702-11e4-87d8-000c29864e9b', 0, 1),
(144, 379, '2014-10-18 20:08:27', '379_85a8144c-5702-11e4-87d8-000c29864e9b', 0, 1),
(145, 175, '2014-10-18 20:08:27', '175_85add81e-5702-11e4-87d8-000c29864e9b', 0, 1),
(146, 384, '2014-10-18 20:08:27', '384_85b976c4-5702-11e4-87d8-000c29864e9b', 0, 1),
(147, 64, '2014-10-18 20:08:27', '64_85c0562e-5702-11e4-87d8-000c29864e9b', 0, 1),
(148, 2082, '2014-10-18 20:08:27', '2082_85c8a234-5702-11e4-87d8-000c29864e9b', 0, 1),
(149, 108, '2014-10-18 20:08:27', '108_85d29b68-5702-11e4-87d8-000c29864e9b', 0, 1),
(150, 161, '2014-10-18 20:08:27', '161_85d8cace-5702-11e4-87d8-000c29864e9b', 0, 1),
(151, 160, '2014-10-18 20:08:27', '160_85e4f510-5702-11e4-87d8-000c29864e9b', 0, 1),
(152, 2075, '2014-10-18 20:08:27', '2075_85ef0366-5702-11e4-87d8-000c29864e9b', 0, 1),
(153, 111, '2014-10-18 20:08:27', '111_85f87f04-5702-11e4-87d8-000c29864e9b', 0, 1),
(154, 2067, '2014-10-18 20:08:27', '2067_86013266-5702-11e4-87d8-000c29864e9b', 0, 1),
(155, 263, '2014-10-18 20:08:27', '263_86098cd6-5702-11e4-87d8-000c29864e9b', 0, 1),
(156, 2107, '2014-10-18 20:08:27', '2107_8611e7be-5702-11e4-87d8-000c29864e9b', 0, 1),
(157, 2111, '2014-10-18 20:08:27', '2111_861d44ce-5702-11e4-87d8-000c29864e9b', 0, 1),
(158, 353, '2014-10-18 20:08:27', '353_8622ef46-5702-11e4-87d8-000c29864e9b', 0, 1),
(159, 189, '2014-10-18 20:08:28', '189_862b6bb2-5702-11e4-87d8-000c29864e9b', 0, 1),
(160, 197, '2014-10-18 20:08:28', '197_8632c182-5702-11e4-87d8-000c29864e9b', 0, 1),
(161, 65, '2014-10-18 20:08:28', '65_863c8eec-5702-11e4-87d8-000c29864e9b', 0, 1),
(162, 1021, '2014-10-18 20:08:28', '1021_8646838e-5702-11e4-87d8-000c29864e9b', 0, 1),
(163, 2061, '2014-10-18 20:08:28', '2061_8656028c-5702-11e4-87d8-000c29864e9b', 0, 1),
(164, 322, '2014-10-18 20:08:28', '322_866a8e28-5702-11e4-87d8-000c29864e9b', 0, 1),
(165, 1001, '2014-10-18 20:08:28', '1001_867258c4-5702-11e4-87d8-000c29864e9b', 0, 1),
(166, 121, '2014-10-18 20:08:28', '121_867cf16c-5702-11e4-87d8-000c29864e9b', 0, 1),
(167, 155, '2014-10-18 20:08:28', '155_8685ffe6-5702-11e4-87d8-000c29864e9b', 0, 1),
(168, 2074, '2014-10-18 20:08:28', '2074_868fd9c6-5702-11e4-87d8-000c29864e9b', 0, 1),
(169, 387, '2014-10-18 20:08:28', '387_8694f622-5702-11e4-87d8-000c29864e9b', 0, 1),
(170, 2083, '2014-10-18 20:08:28', '2083_869eb4be-5702-11e4-87d8-000c29864e9b', 0, 1),
(171, 41, '2014-10-18 20:08:28', '41_86a7da12-5702-11e4-87d8-000c29864e9b', 0, 1),
(172, 2042, '2014-10-18 20:08:28', '2042_86ad74b8-5702-11e4-87d8-000c29864e9b', 0, 1),
(173, 2041, '2014-10-18 20:08:28', '2041_86baf9c6-5702-11e4-87d8-000c29864e9b', 0, 1),
(174, 19, '2014-10-18 20:08:29', '19_86c11310-5702-11e4-87d8-000c29864e9b', 0, 1),
(175, 334, '2014-10-18 20:08:29', '334_86c9110a-5702-11e4-87d8-000c29864e9b', 0, 1),
(176, 72, '2014-10-18 20:08:29', '72_86d5df66-5702-11e4-87d8-000c29864e9b', 0, 1),
(177, 174, '2014-10-18 20:08:29', '174_86dd613c-5702-11e4-87d8-000c29864e9b', 0, 1),
(178, 328, '2014-10-18 20:08:29', '328_86ed41ce-5702-11e4-87d8-000c29864e9b', 0, 1),
(179, 143, '2014-10-18 20:08:29', '143_86f70240-5702-11e4-87d8-000c29864e9b', 0, 1),
(180, 365, '2014-10-18 20:08:29', '365_87004620-5702-11e4-87d8-000c29864e9b', 0, 1),
(181, 66, '2014-10-18 20:08:29', '66_8708cd54-5702-11e4-87d8-000c29864e9b', 0, 1),
(182, 2016, '2014-10-18 20:08:29', '2016_87121c88-5702-11e4-87d8-000c29864e9b', 0, 1),
(183, 309, '2014-10-18 20:08:29', '309_871c3ee8-5702-11e4-87d8-000c29864e9b', 0, 1),
(184, 266, '2014-10-18 20:08:29', '266_87285a2a-5702-11e4-87d8-000c29864e9b', 0, 1),
(185, 159, '2014-10-18 20:08:29', '159_8733a916-5702-11e4-87d8-000c29864e9b', 0, 1),
(186, 2010, '2014-10-18 20:08:29', '2010_87397b5c-5702-11e4-87d8-000c29864e9b', 0, 1),
(187, 62, '2014-10-18 20:08:29', '62_874330c0-5702-11e4-87d8-000c29864e9b', 0, 1),
(188, 2030, '2014-10-18 20:08:29', '2030_874933a8-5702-11e4-87d8-000c29864e9b', 0, 1),
(189, 376, '2014-10-18 20:08:29', '376_87536d3c-5702-11e4-87d8-000c29864e9b', 0, 1),
(190, 216, '2014-10-18 20:08:30', '216_875accee-5702-11e4-87d8-000c29864e9b', 0, 1),
(191, 396, '2014-10-18 20:08:30', '396_8765fa7e-5702-11e4-87d8-000c29864e9b', 0, 1),
(192, 340, '2014-10-18 20:08:30', '340_8770a974-5702-11e4-87d8-000c29864e9b', 0, 1),
(193, 2006, '2014-10-18 20:08:30', '2006_877dc078-5702-11e4-87d8-000c29864e9b', 0, 1),
(194, 232, '2014-10-18 20:08:30', '232_8785e064-5702-11e4-87d8-000c29864e9b', 0, 1),
(195, 412, '2014-10-18 20:08:30', '412_878f1ed6-5702-11e4-87d8-000c29864e9b', 0, 1),
(196, 195, '2014-10-18 20:08:30', '195_87999460-5702-11e4-87d8-000c29864e9b', 0, 1),
(197, 156, '2014-10-18 20:08:30', '156_879fd082-5702-11e4-87d8-000c29864e9b', 0, 1),
(198, 339, '2014-10-18 20:08:30', '339_87a9716e-5702-11e4-87d8-000c29864e9b', 0, 1),
(199, 2014, '2014-10-18 20:08:30', '2014_87b3f044-5702-11e4-87d8-000c29864e9b', 0, 1),
(200, 29, '2014-10-18 20:08:30', '29_87ba7aea-5702-11e4-87d8-000c29864e9b', 0, 1),
(201, 92, '2014-10-18 20:08:30', '92_87c2cc5e-5702-11e4-87d8-000c29864e9b', 0, 1),
(202, 63, '2014-10-18 20:08:30', '63_87c9ca68-5702-11e4-87d8-000c29864e9b', 0, 1),
(203, 302, '2014-10-18 20:08:30', '302_87cf4ce0-5702-11e4-87d8-000c29864e9b', 0, 1),
(204, 148, '2014-10-18 20:08:30', '148_87d86636-5702-11e4-87d8-000c29864e9b', 0, 1),
(205, 341, '2014-10-18 20:08:30', '341_87e290c0-5702-11e4-87d8-000c29864e9b', 0, 1),
(206, 251, '2014-10-18 20:08:30', '251_87e984fc-5702-11e4-87d8-000c29864e9b', 0, 1),
(207, 201, '2014-10-18 20:08:31', '201_87f0a110-5702-11e4-87d8-000c29864e9b', 0, 1),
(208, 12, '2014-10-18 20:08:31', '12_87f85d7e-5702-11e4-87d8-000c29864e9b', 0, 1),
(209, 2131, '2014-10-18 20:08:31', '2131_8803e0cc-5702-11e4-87d8-000c29864e9b', 0, 1),
(210, 303, '2014-10-18 20:08:31', '303_880f49ee-5702-11e4-87d8-000c29864e9b', 0, 1),
(211, 351, '2014-10-18 20:08:31', '351_8814d2ba-5702-11e4-87d8-000c29864e9b', 0, 1),
(212, 298, '2014-10-18 20:08:31', '298_881b7660-5702-11e4-87d8-000c29864e9b', 0, 1),
(213, 2043, '2014-10-18 20:08:31', '2043_882c6af6-5702-11e4-87d8-000c29864e9b', 0, 1),
(214, 299, '2014-10-18 20:08:31', '299_88326e56-5702-11e4-87d8-000c29864e9b', 0, 1),
(215, 2037, '2014-10-18 20:08:31', '2037_883c58ee-5702-11e4-87d8-000c29864e9b', 0, 1),
(216, 229, '2014-10-18 20:08:31', '229_88453f68-5702-11e4-87d8-000c29864e9b', 0, 1),
(217, 382, '2014-10-18 20:08:31', '382_884f5fac-5702-11e4-87d8-000c29864e9b', 0, 1),
(218, 173, '2014-10-18 20:08:31', '173_8858ddc0-5702-11e4-87d8-000c29864e9b', 0, 1),
(219, 1006, '2014-10-18 20:08:31', '1006_886210ca-5702-11e4-87d8-000c29864e9b', 0, 1),
(220, 306, '2014-10-18 20:08:31', '306_88692090-5702-11e4-87d8-000c29864e9b', 0, 1),
(221, 36, '2014-10-18 20:08:31', '36_88716dd6-5702-11e4-87d8-000c29864e9b', 0, 1),
(222, 223, '2014-10-18 20:08:31', '223_8878ff74-5702-11e4-87d8-000c29864e9b', 0, 1),
(223, 2071, '2014-10-18 20:08:31', '2071_887ed9a8-5702-11e4-87d8-000c29864e9b', 0, 1),
(224, 98, '2014-10-18 20:08:32', '98_88970bcc-5702-11e4-87d8-000c29864e9b', 0, 1),
(225, 8, '2014-10-20 00:42:06', '8_889d9708-5702-11e4-87d8-000c29864e9b', 1, 1),
(226, 413, '2014-10-18 20:08:32', '413_88a90e62-5702-11e4-87d8-000c29864e9b', 0, 1),
(227, 2092, '2014-10-18 20:08:32', '2092_88b0b34c-5702-11e4-87d8-000c29864e9b', 0, 1),
(228, 315, '2014-10-18 20:08:32', '315_88b77dee-5702-11e4-87d8-000c29864e9b', 0, 1),
(229, 2065, '2014-10-18 20:08:32', '2065_88c06454-5702-11e4-87d8-000c29864e9b', 0, 1),
(230, 2105, '2014-10-18 20:08:32', '2105_88ca82ea-5702-11e4-87d8-000c29864e9b', 0, 1),
(231, 2021, '2014-10-18 20:08:32', '2021_88d32e86-5702-11e4-87d8-000c29864e9b', 0, 1),
(232, 398, '2014-10-18 20:08:32', '398_88db63bc-5702-11e4-87d8-000c29864e9b', 0, 1),
(233, 275, '2014-10-18 20:08:32', '275_88e61e24-5702-11e4-87d8-000c29864e9b', 0, 1),
(234, 357, '2014-10-18 20:08:32', '357_88ee31b8-5702-11e4-87d8-000c29864e9b', 0, 1),
(235, 171, '2014-10-18 20:08:32', '171_88f517c6-5702-11e4-87d8-000c29864e9b', 0, 1),
(236, 1009, '2014-10-18 20:08:32', '1009_88fcdc4a-5702-11e4-87d8-000c29864e9b', 0, 1),
(237, 415, '2014-10-18 20:08:32', '415_8906971c-5702-11e4-87d8-000c29864e9b', 0, 1),
(238, 127, '2014-10-18 20:08:32', '127_890c01e8-5702-11e4-87d8-000c29864e9b', 0, 1),
(239, 116, '2014-10-18 20:08:32', '116_891565d0-5702-11e4-87d8-000c29864e9b', 0, 1),
(240, 2038, '2014-10-18 20:08:33', '2038_8920024c-5702-11e4-87d8-000c29864e9b', 0, 1),
(241, 2053, '2014-10-18 20:08:33', '2053_89290c34-5702-11e4-87d8-000c29864e9b', 0, 1),
(242, 2069, '2014-10-18 20:08:33', '2069_89370578-5702-11e4-87d8-000c29864e9b', 0, 1),
(243, 27, '2014-10-18 20:08:33', '27_893fea94-5702-11e4-87d8-000c29864e9b', 0, 1),
(244, 199, '2014-10-18 20:08:33', '199_8947da42-5702-11e4-87d8-000c29864e9b', 0, 1),
(245, 2115, '2014-10-18 20:08:33', '2115_894f414c-5702-11e4-87d8-000c29864e9b', 0, 1),
(246, 30, '2014-10-18 20:08:33', '30_895a882c-5702-11e4-87d8-000c29864e9b', 0, 1),
(247, 167, '2014-10-18 20:08:33', '167_8960b12a-5702-11e4-87d8-000c29864e9b', 0, 1),
(248, 2095, '2014-10-18 20:08:33', '2095_8967c654-5702-11e4-87d8-000c29864e9b', 0, 1),
(249, 3, '2014-10-18 22:44:50', '3_8971b3c6-5702-11e4-87d8-000c29864e9b', 1, 1),
(250, 241, '2014-10-18 20:08:33', '241_8977d648-5702-11e4-87d8-000c29864e9b', 0, 1),
(251, 2022, '2014-10-18 20:08:33', '2022_898301bc-5702-11e4-87d8-000c29864e9b', 0, 1),
(252, 38, '2014-10-18 20:08:33', '38_898f35fe-5702-11e4-87d8-000c29864e9b', 0, 1),
(253, 4, '2014-10-18 20:08:33', '4_8996ced6-5702-11e4-87d8-000c29864e9b', 0, 1),
(254, 282, '2014-10-18 20:08:33', '282_899d8d52-5702-11e4-87d8-000c29864e9b', 0, 1),
(255, 154, '2014-10-18 20:08:33', '154_89a4fa1a-5702-11e4-87d8-000c29864e9b', 0, 1),
(256, 2143, '2014-10-18 20:08:33', '2143_89adcafa-5702-11e4-87d8-000c29864e9b', 0, 1),
(257, 389, '2014-10-18 20:08:33', '389_89b46b58-5702-11e4-87d8-000c29864e9b', 0, 1),
(258, 126, '2014-10-18 20:08:34', '126_89bba2c4-5702-11e4-87d8-000c29864e9b', 0, 1),
(259, 1023, '2014-10-18 20:08:34', '1023_89c24638-5702-11e4-87d8-000c29864e9b', 0, 1),
(260, 403, '2014-10-18 20:08:34', '403_89cf83fc-5702-11e4-87d8-000c29864e9b', 0, 1),
(261, 2102, '2014-10-18 20:08:34', '2102_89d8a0ae-5702-11e4-87d8-000c29864e9b', 0, 1),
(262, 279, '2014-10-18 20:08:34', '279_89e1e2b8-5702-11e4-87d8-000c29864e9b', 0, 1),
(263, 91, '2014-10-18 20:08:34', '91_89eb7ff8-5702-11e4-87d8-000c29864e9b', 0, 1),
(264, 2055, '2014-10-18 20:08:34', '2055_89f4ba46-5702-11e4-87d8-000c29864e9b', 0, 1),
(265, 9, '2014-10-18 20:08:34', '9_89fd18a8-5702-11e4-87d8-000c29864e9b', 0, 1),
(266, 375, '2014-10-18 20:08:34', '375_8a070ab6-5702-11e4-87d8-000c29864e9b', 0, 1),
(267, 188, '2014-10-18 20:08:34', '188_8a0de80e-5702-11e4-87d8-000c29864e9b', 0, 1),
(268, 2141, '2014-10-18 20:08:34', '2141_8a16b024-5702-11e4-87d8-000c29864e9b', 0, 1),
(269, 393, '2014-10-18 20:08:34', '393_8a1fcf24-5702-11e4-87d8-000c29864e9b', 0, 1),
(270, 212, '2014-10-18 20:08:34', '212_8a27254e-5702-11e4-87d8-000c29864e9b', 0, 1),
(271, 230, '2014-10-18 20:08:34', '230_8a317800-5702-11e4-87d8-000c29864e9b', 0, 1),
(272, 122, '2014-10-18 20:08:34', '122_8a3b48f8-5702-11e4-87d8-000c29864e9b', 0, 1),
(273, 222, '2014-10-18 20:08:34', '222_8a409f1a-5702-11e4-87d8-000c29864e9b', 0, 1),
(274, 2094, '2014-10-18 20:08:34', '2094_8a4b2160-5702-11e4-87d8-000c29864e9b', 0, 1),
(275, 221, '2014-10-18 20:08:35', '221_8a519158-5702-11e4-87d8-000c29864e9b', 0, 1),
(276, 391, '2014-10-18 20:08:35', '391_8a58ff88-5702-11e4-87d8-000c29864e9b', 0, 1),
(277, 54, '2014-10-18 20:08:35', '54_8a608136-5702-11e4-87d8-000c29864e9b', 0, 1),
(278, 179, '2014-10-18 20:08:35', '179_8a6743cc-5702-11e4-87d8-000c29864e9b', 0, 1),
(279, 6, '2014-10-18 22:37:37', '6_8a739c76-5702-11e4-87d8-000c29864e9b', 0, 1),
(280, 2135, '2014-10-18 20:08:35', '2135_8a7a3a22-5702-11e4-87d8-000c29864e9b', 0, 1),
(281, 2027, '2014-10-18 20:08:35', '2027_8a815276-5702-11e4-87d8-000c29864e9b', 0, 1),
(282, 2123, '2014-10-18 20:08:35', '2123_8a882b6e-5702-11e4-87d8-000c29864e9b', 0, 1),
(283, 206, '2014-10-18 20:08:35', '206_8a91c016-5702-11e4-87d8-000c29864e9b', 0, 1),
(284, 2130, '2014-10-18 20:08:35', '2130_8a9b0f7c-5702-11e4-87d8-000c29864e9b', 0, 1),
(285, 186, '2014-10-18 20:08:35', '186_8aa3985e-5702-11e4-87d8-000c29864e9b', 0, 1),
(286, 196, '2014-10-18 20:08:35', '196_8aa93570-5702-11e4-87d8-000c29864e9b', 0, 1),
(287, 181, '2014-10-18 20:08:35', '181_8ab66c68-5702-11e4-87d8-000c29864e9b', 0, 1),
(288, 276, '2014-10-18 20:08:35', '276_8abb9da0-5702-11e4-87d8-000c29864e9b', 0, 1),
(289, 57, '2014-10-18 20:08:35', '57_8ac25a5a-5702-11e4-87d8-000c29864e9b', 0, 1),
(290, 227, '2014-10-18 20:08:35', '227_8ac92588-5702-11e4-87d8-000c29864e9b', 0, 1),
(291, 2128, '2014-10-18 20:08:35', '2128_8acf7140-5702-11e4-87d8-000c29864e9b', 0, 1),
(292, 210, '2014-10-18 20:08:35', '210_8ad81da4-5702-11e4-87d8-000c29864e9b', 0, 1),
(293, 288, '2014-10-18 20:08:35', '288_8adec226-5702-11e4-87d8-000c29864e9b', 0, 1),
(294, 124, '2014-10-18 20:08:35', '124_8ae6d434-5702-11e4-87d8-000c29864e9b', 0, 1),
(295, 307, '2014-10-18 20:08:36', '307_8af1d7da-5702-11e4-87d8-000c29864e9b', 0, 1),
(296, 319, '2014-10-18 20:08:36', '319_8af882b0-5702-11e4-87d8-000c29864e9b', 0, 1),
(297, 11, '2014-10-18 20:08:36', '11_8b021640-5702-11e4-87d8-000c29864e9b', 0, 1),
(298, 273, '2014-10-18 20:08:36', '273_8b089bf0-5702-11e4-87d8-000c29864e9b', 0, 1),
(299, 2073, '2014-10-18 20:08:36', '2073_8b153c66-5702-11e4-87d8-000c29864e9b', 0, 1),
(300, 1015, '2014-10-18 20:08:36', '1015_8b1f5606-5702-11e4-87d8-000c29864e9b', 0, 1),
(301, 269, '2014-10-18 20:08:36', '269_8b281caa-5702-11e4-87d8-000c29864e9b', 0, 1),
(302, 128, '2014-10-18 20:08:36', '128_8b2de0ea-5702-11e4-87d8-000c29864e9b', 0, 1),
(303, 2072, '2014-10-18 20:08:36', '2072_8b379612-5702-11e4-87d8-000c29864e9b', 0, 1),
(304, 85, '2014-10-18 20:08:36', '85_8b3d7f3c-5702-11e4-87d8-000c29864e9b', 0, 1),
(305, 349, '2014-10-18 20:08:36', '349_8b4d2ebe-5702-11e4-87d8-000c29864e9b', 0, 1),
(306, 265, '2014-10-18 20:08:36', '265_8b545914-5702-11e4-87d8-000c29864e9b', 0, 1),
(307, 2066, '2014-10-18 20:08:36', '2066_8b5aa13e-5702-11e4-87d8-000c29864e9b', 0, 1),
(308, 2100, '2014-10-18 20:08:36', '2100_8b631972-5702-11e4-87d8-000c29864e9b', 0, 1),
(309, 53, '2014-10-18 20:08:36', '53_8b6e8488-5702-11e4-87d8-000c29864e9b', 0, 1),
(310, 2032, '2014-10-18 20:08:36', '2032_8b7413ee-5702-11e4-87d8-000c29864e9b', 0, 1),
(311, 1014, '2014-10-18 20:08:36', '1014_8b7cbba2-5702-11e4-87d8-000c29864e9b', 0, 1),
(312, 100, '2014-10-18 20:08:37', '100_8b83e92c-5702-11e4-87d8-000c29864e9b', 0, 1),
(313, 304, '2014-10-18 20:08:37', '304_8b8d47c4-5702-11e4-87d8-000c29864e9b', 0, 1),
(314, 2112, '2014-10-18 20:08:37', '2112_8babab2e-5702-11e4-87d8-000c29864e9b', 0, 1),
(315, 335, '2014-10-18 20:08:37', '335_8bbab2ea-5702-11e4-87d8-000c29864e9b', 0, 1),
(316, 381, '2014-10-18 20:08:37', '381_8bc0c892-5702-11e4-87d8-000c29864e9b', 0, 1),
(317, 2062, '2014-10-18 20:08:37', '2062_8bcaba64-5702-11e4-87d8-000c29864e9b', 0, 1),
(318, 2068, '2014-10-18 20:08:37', '2068_8bd7f7c4-5702-11e4-87d8-000c29864e9b', 0, 1),
(319, 320, '2014-10-18 20:08:37', '320_8bdd2de8-5702-11e4-87d8-000c29864e9b', 0, 1),
(320, 313, '2014-10-18 20:08:37', '313_8be5e686-5702-11e4-87d8-000c29864e9b', 0, 1),
(321, 31, '2014-10-18 20:08:37', '31_8beb89c4-5702-11e4-87d8-000c29864e9b', 0, 1),
(322, 370, '2014-10-18 20:08:37', '370_8bf4f07c-5702-11e4-87d8-000c29864e9b', 0, 1),
(323, 77, '2014-10-18 20:08:37', '77_8bfaecde-5702-11e4-87d8-000c29864e9b', 0, 1),
(324, 411, '2014-10-18 20:08:37', '411_8c06895e-5702-11e4-87d8-000c29864e9b', 0, 1),
(325, 361, '2014-10-18 20:08:37', '361_8c13df50-5702-11e4-87d8-000c29864e9b', 0, 1),
(326, 2108, '2014-10-18 20:08:38', '2108_8c1a81f2-5702-11e4-87d8-000c29864e9b', 0, 1),
(327, 2047, '2014-10-18 20:08:38', '2047_8c27378a-5702-11e4-87d8-000c29864e9b', 0, 1),
(328, 281, '2014-10-18 20:08:38', '281_8c2e32f6-5702-11e4-87d8-000c29864e9b', 0, 1),
(329, 43, '2014-10-18 20:08:38', '43_8c34be1e-5702-11e4-87d8-000c29864e9b', 0, 1),
(330, 248, '2014-10-18 20:08:38', '248_8c3e8566-5702-11e4-87d8-000c29864e9b', 0, 1),
(331, 2144, '2014-10-18 20:08:38', '2144_8c4512fa-5702-11e4-87d8-000c29864e9b', 0, 1),
(332, 258, '2014-10-18 20:08:38', '258_8c4f79a2-5702-11e4-87d8-000c29864e9b', 0, 1),
(333, 115, '2014-10-18 20:08:38', '115_8c5c279c-5702-11e4-87d8-000c29864e9b', 0, 1),
(334, 406, '2014-10-18 20:08:38', '406_8c619b00-5702-11e4-87d8-000c29864e9b', 0, 1),
(335, 33, '2014-10-18 20:08:38', '33_8c6cd182-5702-11e4-87d8-000c29864e9b', 0, 1),
(336, 107, '2014-10-18 20:08:38', '107_8c815648-5702-11e4-87d8-000c29864e9b', 0, 1),
(337, 60, '2014-10-18 20:08:38', '60_8c8bc63c-5702-11e4-87d8-000c29864e9b', 0, 1),
(338, 2008, '2014-10-18 20:08:38', '2008_8c94fa72-5702-11e4-87d8-000c29864e9b', 0, 1),
(339, 2134, '2014-10-18 20:08:38', '2134_8ca14dcc-5702-11e4-87d8-000c29864e9b', 0, 1),
(340, 330, '2014-10-18 20:08:38', '330_8cac1a54-5702-11e4-87d8-000c29864e9b', 0, 1),
(341, 112, '2014-10-18 20:08:39', '112_8cb3b50c-5702-11e4-87d8-000c29864e9b', 0, 1),
(342, 32, '2014-10-18 20:08:39', '32_8cbf7b26-5702-11e4-87d8-000c29864e9b', 0, 1),
(343, 243, '2014-10-18 20:08:39', '243_8cc70cba-5702-11e4-87d8-000c29864e9b', 0, 1),
(344, 250, '2014-10-18 20:08:39', '250_8ccf9362-5702-11e4-87d8-000c29864e9b', 0, 1),
(345, 204, '2014-10-18 20:08:39', '204_8cd56882-5702-11e4-87d8-000c29864e9b', 0, 1),
(346, 2139, '2014-10-18 20:08:39', '2139_8cde609a-5702-11e4-87d8-000c29864e9b', 0, 1),
(347, 354, '2014-10-18 20:08:39', '354_8ce683d8-5702-11e4-87d8-000c29864e9b', 0, 1),
(348, 84, '2014-10-18 20:08:39', '84_8cf3a9a0-5702-11e4-87d8-000c29864e9b', 0, 1),
(349, 2005, '2014-10-18 20:08:39', '2005_8cf93898-5702-11e4-87d8-000c29864e9b', 0, 1),
(350, 2117, '2014-10-18 20:08:39', '2117_8d027f02-5702-11e4-87d8-000c29864e9b', 0, 1),
(351, 228, '2014-10-18 20:08:39', '228_8d0e7bae-5702-11e4-87d8-000c29864e9b', 0, 1),
(352, 46, '2014-10-18 20:08:39', '46_8d15a410-5702-11e4-87d8-000c29864e9b', 0, 1),
(353, 202, '2014-10-18 20:08:39', '202_8d1bc926-5702-11e4-87d8-000c29864e9b', 0, 1),
(354, 377, '2014-10-18 20:08:39', '377_8d2486e2-5702-11e4-87d8-000c29864e9b', 0, 1),
(355, 68, '2014-10-18 20:08:39', '68_8d2a5a18-5702-11e4-87d8-000c29864e9b', 0, 1),
(356, 15, '2014-10-18 20:08:39', '15_8d32298c-5702-11e4-87d8-000c29864e9b', 0, 1),
(357, 1024, '2014-10-18 20:08:39', '1024_8d38d5e8-5702-11e4-87d8-000c29864e9b', 0, 1),
(358, 236, '2014-10-18 20:08:39', '236_8d3ee7a8-5702-11e4-87d8-000c29864e9b', 0, 1),
(359, 362, '2014-10-18 20:08:39', '362_8d4a1ace-5702-11e4-87d8-000c29864e9b', 0, 1),
(360, 242, '2014-10-18 20:08:40', '242_8d4f52fa-5702-11e4-87d8-000c29864e9b', 0, 1),
(361, 369, '2014-10-18 20:08:40', '369_8d550a10-5702-11e4-87d8-000c29864e9b', 0, 1),
(362, 125, '2014-10-18 20:08:40', '125_8d5ee99a-5702-11e4-87d8-000c29864e9b', 0, 1),
(363, 360, '2014-10-18 20:08:40', '360_8d710cf6-5702-11e4-87d8-000c29864e9b', 0, 1),
(364, 2146, '2014-10-18 20:08:40', '2146_8d8231a2-5702-11e4-87d8-000c29864e9b', 0, 1),
(365, 2091, '2014-10-18 20:08:40', '2091_8d92515e-5702-11e4-87d8-000c29864e9b', 0, 1),
(366, 1003, '2014-10-18 20:08:40', '1003_8da33942-5702-11e4-87d8-000c29864e9b', 0, 1),
(367, 262, '2014-10-18 20:08:40', '262_8dba8142-5702-11e4-87d8-000c29864e9b', 0, 1),
(368, 272, '2014-10-18 20:08:40', '272_8dc2fa5c-5702-11e4-87d8-000c29864e9b', 0, 1),
(369, 234, '2014-10-18 20:08:40', '234_8dca6a3a-5702-11e4-87d8-000c29864e9b', 0, 1),
(370, 2003, '2014-10-18 20:08:40', '2003_8dddb900-5702-11e4-87d8-000c29864e9b', 0, 1),
(371, 1018, '2014-10-18 20:08:41', '1018_8df41a60-5702-11e4-87d8-000c29864e9b', 0, 1),
(372, 295, '2014-10-18 20:08:41', '295_8e02c2c2-5702-11e4-87d8-000c29864e9b', 0, 1),
(373, 2034, '2014-10-18 20:08:41', '2034_8e080016-5702-11e4-87d8-000c29864e9b', 0, 1),
(374, 176, '2014-10-18 20:08:41', '176_8e11ff12-5702-11e4-87d8-000c29864e9b', 0, 1),
(375, 145, '2014-10-18 20:08:41', '145_8e1e6996-5702-11e4-87d8-000c29864e9b', 0, 1),
(376, 169, '2014-10-18 20:08:41', '169_8e29eae6-5702-11e4-87d8-000c29864e9b', 0, 1),
(377, 2140, '2014-10-18 20:08:41', '2140_8e363dfa-5702-11e4-87d8-000c29864e9b', 0, 1),
(378, 271, '2014-10-18 20:08:41', '271_8e455a92-5702-11e4-87d8-000c29864e9b', 0, 1),
(379, 352, '2014-10-18 20:08:41', '352_8e5bdfb0-5702-11e4-87d8-000c29864e9b', 0, 1),
(380, 2025, '2014-10-18 20:08:41', '2025_8e691ef0-5702-11e4-87d8-000c29864e9b', 0, 1),
(381, 1004, '2014-10-18 20:08:41', '1004_8e6f9d48-5702-11e4-87d8-000c29864e9b', 0, 1),
(382, 405, '2014-10-18 20:08:41', '405_8e775d62-5702-11e4-87d8-000c29864e9b', 0, 1),
(383, 2127, '2014-10-18 20:08:42', '2127_8e800f2a-5702-11e4-87d8-000c29864e9b', 0, 1),
(384, 2044, '2014-10-18 20:08:42', '2044_8e8945f4-5702-11e4-87d8-000c29864e9b', 0, 1),
(385, 1017, '2014-10-18 20:08:42', '1017_8e974320-5702-11e4-87d8-000c29864e9b', 0, 1),
(386, 2064, '2014-10-18 20:08:42', '2064_8ea6496a-5702-11e4-87d8-000c29864e9b', 0, 1),
(387, 237, '2014-10-18 20:08:42', '237_8eb45d8e-5702-11e4-87d8-000c29864e9b', 0, 1),
(388, 2081, '2014-10-18 20:08:42', '2081_8ebd2cc0-5702-11e4-87d8-000c29864e9b', 0, 1),
(389, 338, '2014-10-18 20:08:42', '338_8ec40acc-5702-11e4-87d8-000c29864e9b', 0, 1),
(390, 37, '2014-10-18 20:08:42', '37_8ecd0d8e-5702-11e4-87d8-000c29864e9b', 0, 1),
(391, 136, '2014-10-18 20:08:42', '136_8edab47a-5702-11e4-87d8-000c29864e9b', 0, 1),
(392, 59, '2014-10-18 20:08:42', '59_8ee5be9c-5702-11e4-87d8-000c29864e9b', 0, 1),
(393, 2129, '2014-10-18 20:08:42', '2129_8efb1404-5702-11e4-87d8-000c29864e9b', 0, 1),
(394, 20, '2014-10-18 20:08:43', '20_8f14f39c-5702-11e4-87d8-000c29864e9b', 0, 1),
(395, 142, '2014-10-18 20:08:43', '142_8f2e3384-5702-11e4-87d8-000c29864e9b', 0, 1),
(396, 191, '2014-10-18 20:08:43', '191_8f39fde0-5702-11e4-87d8-000c29864e9b', 0, 1),
(397, 283, '2014-10-18 20:08:43', '283_8f432c44-5702-11e4-87d8-000c29864e9b', 0, 1),
(398, 286, '2014-10-18 20:08:43', '286_8f62556a-5702-11e4-87d8-000c29864e9b', 0, 1),
(399, 61, '2014-10-18 20:08:43', '61_8f7b329c-5702-11e4-87d8-000c29864e9b', 0, 1),
(400, 294, '2014-10-18 20:08:43', '294_8f8dbbd8-5702-11e4-87d8-000c29864e9b', 0, 1),
(401, 153, '2014-10-18 20:08:43', '153_8fa96540-5702-11e4-87d8-000c29864e9b', 0, 1),
(402, 270, '2014-10-18 20:08:44', '270_8fb1c438-5702-11e4-87d8-000c29864e9b', 0, 1),
(403, 113, '2014-10-18 20:08:44', '113_8fb6de96-5702-11e4-87d8-000c29864e9b', 0, 1),
(404, 390, '2014-10-18 20:08:44', '390_8fc3bf30-5702-11e4-87d8-000c29864e9b', 0, 1),
(405, 110, '2014-10-18 20:08:44', '110_8fd30f62-5702-11e4-87d8-000c29864e9b', 0, 1),
(406, 2106, '2014-10-18 20:08:44', '2106_8fe78064-5702-11e4-87d8-000c29864e9b', 0, 1),
(407, 350, '2014-10-18 20:08:44', '350_8fee5b78-5702-11e4-87d8-000c29864e9b', 0, 1),
(408, 327, '2014-10-18 20:08:44', '327_8ff383c8-5702-11e4-87d8-000c29864e9b', 0, 1),
(409, 182, '2014-10-18 20:08:44', '182_8ffdd22e-5702-11e4-87d8-000c29864e9b', 0, 1),
(410, 81, '2014-10-18 20:08:44', '81_900b8cde-5702-11e4-87d8-000c29864e9b', 0, 1),
(411, 1005, '2014-10-18 20:08:44', '1005_90132f8e-5702-11e4-87d8-000c29864e9b', 0, 1),
(412, 1012, '2014-10-18 20:08:44', '1012_9021f096-5702-11e4-87d8-000c29864e9b', 0, 1),
(413, 310, '2014-10-18 20:08:45', '310_90471eca-5702-11e4-87d8-000c29864e9b', 0, 1),
(414, 256, '2014-10-18 20:08:45', '256_906573e8-5702-11e4-87d8-000c29864e9b', 0, 1),
(415, 2093, '2014-10-18 20:08:45', '2093_9087db9a-5702-11e4-87d8-000c29864e9b', 0, 1),
(416, 21, '2014-10-18 20:08:45', '21_90aa92ac-5702-11e4-87d8-000c29864e9b', 0, 1),
(417, 134, '2014-10-18 20:08:45', '134_90c762f6-5702-11e4-87d8-000c29864e9b', 0, 1),
(418, 378, '2014-10-18 20:08:46', '378_90e46932-5702-11e4-87d8-000c29864e9b', 0, 1),
(419, 2052, '2014-10-18 20:08:46', '2052_90fb92ba-5702-11e4-87d8-000c29864e9b', 0, 1),
(420, 300, '2014-10-18 20:08:46', '300_9117007c-5702-11e4-87d8-000c29864e9b', 0, 1),
(421, 392, '2014-10-18 20:08:46', '392_912fa21c-5702-11e4-87d8-000c29864e9b', 0, 1),
(422, 56, '2014-10-18 20:08:46', '56_91436ef0-5702-11e4-87d8-000c29864e9b', 0, 1),
(423, 141, '2014-10-18 20:08:46', '141_915d89ac-5702-11e4-87d8-000c29864e9b', 0, 1),
(424, 345, '2014-10-18 20:08:47', '345_91808f24-5702-11e4-87d8-000c29864e9b', 0, 1),
(425, 55, '2014-10-18 20:08:47', '55_919e593c-5702-11e4-87d8-000c29864e9b', 0, 1),
(426, 25, '2014-10-18 20:08:47', '25_91c39f9e-5702-11e4-87d8-000c29864e9b', 0, 1),
(427, 2138, '2014-10-18 20:08:47', '2138_91d95ce4-5702-11e4-87d8-000c29864e9b', 0, 1),
(428, 13, '2014-10-18 20:08:47', '13_91f21554-5702-11e4-87d8-000c29864e9b', 0, 1),
(429, 394, '2014-10-18 20:08:47', '394_9206c9c2-5702-11e4-87d8-000c29864e9b', 0, 1),
(430, 2031, '2014-10-18 20:08:48', '2031_921e77ca-5702-11e4-87d8-000c29864e9b', 0, 1),
(431, 94, '2014-10-18 20:08:48', '94_923f346a-5702-11e4-87d8-000c29864e9b', 0, 1),
(432, 2023, '2014-10-18 20:08:48', '2023_9258e63a-5702-11e4-87d8-000c29864e9b', 0, 1),
(433, 158, '2014-10-18 20:08:48', '158_92783788-5702-11e4-87d8-000c29864e9b', 0, 1),
(434, 2125, '2014-10-18 20:08:48', '2125_929e58aa-5702-11e4-87d8-000c29864e9b', 0, 1),
(435, 88, '2014-10-18 20:08:49', '88_92bb226e-5702-11e4-87d8-000c29864e9b', 0, 1),
(436, 2060, '2014-10-18 20:08:49', '2060_92c9fc3a-5702-11e4-87d8-000c29864e9b', 0, 1),
(437, 332, '2014-10-18 20:08:49', '332_92e23c50-5702-11e4-87d8-000c29864e9b', 0, 1),
(438, 2015, '2014-10-18 20:08:49', '2015_93074b6c-5702-11e4-87d8-000c29864e9b', 0, 1),
(439, 2011, '2014-10-18 20:08:49', '2011_932ca6f0-5702-11e4-87d8-000c29864e9b', 0, 1),
(440, 178, '2014-10-18 20:08:50', '178_934cabda-5702-11e4-87d8-000c29864e9b', 0, 1),
(441, 2118, '2014-10-18 20:08:50', '2118_93722c5c-5702-11e4-87d8-000c29864e9b', 0, 1),
(442, 214, '2014-10-18 20:08:50', '214_9395124e-5702-11e4-87d8-000c29864e9b', 0, 1),
(443, 2088, '2014-10-18 20:08:50', '2088_93b072c8-5702-11e4-87d8-000c29864e9b', 0, 1),
(444, 2145, '2014-10-18 20:08:50', '2145_93c8146e-5702-11e4-87d8-000c29864e9b', 0, 1),
(445, 24, '2014-10-18 20:08:51', '24_93ec8740-5702-11e4-87d8-000c29864e9b', 0, 1),
(446, 358, '2014-10-18 20:08:51', '358_940fa0f4-5702-11e4-87d8-000c29864e9b', 0, 1),
(447, 194, '2014-10-18 20:08:51', '194_9432949c-5702-11e4-87d8-000c29864e9b', 0, 1),
(448, 278, '2014-10-18 20:08:51', '278_944788de-5702-11e4-87d8-000c29864e9b', 0, 1),
(449, 47, '2014-10-18 20:08:51', '47_945240d0-5702-11e4-87d8-000c29864e9b', 0, 1),
(450, 118, '2014-10-18 20:08:51', '118_946d882c-5702-11e4-87d8-000c29864e9b', 0, 1),
(451, 192, '2014-10-18 20:08:52', '192_9484d036-5702-11e4-87d8-000c29864e9b', 0, 1),
(452, 364, '2014-10-18 20:08:52', '364_94ad43d6-5702-11e4-87d8-000c29864e9b', 0, 1),
(453, 355, '2014-10-18 20:08:52', '355_94c1b078-5702-11e4-87d8-000c29864e9b', 0, 1),
(454, 17, '2014-10-18 20:08:52', '17_94e2ffc6-5702-11e4-87d8-000c29864e9b', 0, 1),
(455, 2087, '2014-10-18 20:08:52', '2087_94f552c0-5702-11e4-87d8-000c29864e9b', 0, 1),
(456, 368, '2014-10-18 20:08:53', '368_951e49f0-5702-11e4-87d8-000c29864e9b', 0, 1),
(457, 291, '2014-10-18 20:08:53', '291_95443818-5702-11e4-87d8-000c29864e9b', 0, 1),
(458, 51, '2014-10-18 20:08:53', '51_9569c7fe-5702-11e4-87d8-000c29864e9b', 0, 1),
(459, 97, '2014-10-18 20:08:53', '97_95865e14-5702-11e4-87d8-000c29864e9b', 0, 1),
(460, 2148, '2014-10-18 20:08:53', '2148_959a8312-5702-11e4-87d8-000c29864e9b', 0, 1),
(461, 407, '2014-10-18 20:08:54', '407_95a4f252-5702-11e4-87d8-000c29864e9b', 0, 1),
(462, 401, '2014-10-18 20:08:54', '401_95ab8cc0-5702-11e4-87d8-000c29864e9b', 0, 1),
(463, 2085, '2014-10-18 20:08:54', '2085_95b9053a-5702-11e4-87d8-000c29864e9b', 0, 1),
(464, 207, '2014-10-18 20:08:54', '207_95c3f756-5702-11e4-87d8-000c29864e9b', 0, 1),
(465, 2099, '2014-10-18 20:08:54', '2099_95d00988-5702-11e4-87d8-000c29864e9b', 0, 1),
(466, 1016, '2014-10-18 20:08:54', '1016_95dbc4b2-5702-11e4-87d8-000c29864e9b', 0, 1),
(467, 2004, '2014-10-18 20:08:54', '2004_95e64b94-5702-11e4-87d8-000c29864e9b', 0, 1),
(468, 2142, '2014-10-18 20:08:54', '2142_9601dd3c-5702-11e4-87d8-000c29864e9b', 0, 1),
(469, 367, '2014-10-18 20:08:54', '367_962040a6-5702-11e4-87d8-000c29864e9b', 0, 1),
(470, 87, '2014-10-18 20:08:55', '87_963be57c-5702-11e4-87d8-000c29864e9b', 0, 1),
(471, 74, '2014-10-18 20:08:55', '74_9652db24-5702-11e4-87d8-000c29864e9b', 0, 1),
(472, 2019, '2014-10-18 20:08:55', '2019_965c8278-5702-11e4-87d8-000c29864e9b', 0, 1),
(473, 2, '2014-10-18 20:08:55', '2_966bf190-5702-11e4-87d8-000c29864e9b', 0, 1),
(474, 2121, '2014-10-18 20:08:55', '2121_96731a92-5702-11e4-87d8-000c29864e9b', 0, 1),
(475, 138, '2014-10-18 20:08:55', '138_96830222-5702-11e4-87d8-000c29864e9b', 0, 1),
(476, 5, '2014-10-18 20:08:55', '5_968a5504-5702-11e4-87d8-000c29864e9b', 0, 1),
(477, 39, '2014-10-18 20:08:55', '39_9695aca6-5702-11e4-87d8-000c29864e9b', 0, 1),
(478, 198, '2014-10-18 20:08:55', '198_96a25fc8-5702-11e4-87d8-000c29864e9b', 0, 1),
(479, 374, '2014-10-18 20:08:55', '374_96a7fdca-5702-11e4-87d8-000c29864e9b', 0, 1),
(480, 26, '2014-10-18 20:08:55', '26_96b1a154-5702-11e4-87d8-000c29864e9b', 0, 1),
(481, 2133, '2014-10-18 20:08:55', '2133_96bf18a2-5702-11e4-87d8-000c29864e9b', 0, 1),
(482, 18, '2014-10-18 20:08:55', '18_96d2f250-5702-11e4-87d8-000c29864e9b', 0, 1),
(483, 23, '2014-10-18 20:08:56', '23_96dcd2ca-5702-11e4-87d8-000c29864e9b', 0, 1),
(484, 331, '2014-10-18 20:08:56', '331_96ea1a34-5702-11e4-87d8-000c29864e9b', 0, 1),
(485, 285, '2014-10-18 20:08:56', '285_97070fcc-5702-11e4-87d8-000c29864e9b', 0, 1),
(486, 14, '2014-10-18 20:08:56', '14_971b2ec6-5702-11e4-87d8-000c29864e9b', 0, 1),
(487, 386, '2014-10-18 20:08:56', '386_973886ce-5702-11e4-87d8-000c29864e9b', 0, 1),
(488, 2109, '2014-10-18 20:08:56', '2109_975b77ba-5702-11e4-87d8-000c29864e9b', 0, 1),
(489, 1022, '2014-10-18 20:08:57', '1022_9770acc0-5702-11e4-87d8-000c29864e9b', 0, 1),
(490, 120, '2014-10-18 20:08:57', '120_977dfcd6-5702-11e4-87d8-000c29864e9b', 0, 1),
(491, 356, '2014-10-18 20:08:57', '356_978ecd90-5702-11e4-87d8-000c29864e9b', 0, 1),
(492, 172, '2014-10-18 20:08:57', '172_97b35372-5702-11e4-87d8-000c29864e9b', 0, 1),
(493, 2096, '2014-10-18 20:08:57', '2096_97cb7a10-5702-11e4-87d8-000c29864e9b', 0, 1),
(494, 99, '2014-10-18 20:08:57', '99_97d9cea8-5702-11e4-87d8-000c29864e9b', 0, 1),
(495, 399, '2014-10-18 20:08:57', '399_97f50ce0-5702-11e4-87d8-000c29864e9b', 0, 1),
(496, 408, '2014-10-18 20:08:58', '408_981827fc-5702-11e4-87d8-000c29864e9b', 0, 1),
(497, 2077, '2014-10-18 20:08:58', '2077_982bf854-5702-11e4-87d8-000c29864e9b', 0, 1),
(498, 388, '2014-10-18 20:08:58', '388_9832c1a2-5702-11e4-87d8-000c29864e9b', 0, 1),
(499, 2018, '2014-10-18 20:08:58', '2018_983f8a72-5702-11e4-87d8-000c29864e9b', 0, 1),
(500, 49, '2014-10-18 20:08:58', '49_984bc288-5702-11e4-87d8-000c29864e9b', 0, 1),
(501, 290, '2014-10-18 20:08:58', '290_9867efd0-5702-11e4-87d8-000c29864e9b', 0, 1),
(502, 180, '2014-10-18 20:08:58', '180_9882a6fe-5702-11e4-87d8-000c29864e9b', 0, 1),
(503, 220, '2014-10-18 20:08:58', '220_98899db0-5702-11e4-87d8-000c29864e9b', 0, 1),
(504, 2035, '2014-10-18 20:08:58', '2035_989a57a4-5702-11e4-87d8-000c29864e9b', 0, 1),
(505, 71, '2014-10-18 20:08:59', '71_98a76cbe-5702-11e4-87d8-000c29864e9b', 0, 1),
(506, 2033, '2014-10-18 20:08:59', '2033_98b27b54-5702-11e4-87d8-000c29864e9b', 0, 1),
(507, 2132, '2014-10-18 20:08:59', '2132_98c44eb0-5702-11e4-87d8-000c29864e9b', 0, 1),
(508, 109, '2014-10-18 20:08:59', '109_98ceb346-5702-11e4-87d8-000c29864e9b', 0, 1),
(509, 325, '2014-10-18 20:08:59', '325_98d7baae-5702-11e4-87d8-000c29864e9b', 0, 1),
(510, 102, '2014-10-18 20:08:59', '102_98e41c9a-5702-11e4-87d8-000c29864e9b', 0, 1),
(511, 2103, '2014-10-18 20:08:59', '2103_98f253d2-5702-11e4-87d8-000c29864e9b', 0, 1),
(512, 2039, '2014-10-18 20:08:59', '2039_98ffc8f0-5702-11e4-87d8-000c29864e9b', 0, 1),
(513, 96, '2014-10-18 20:08:59', '96_99123e90-5702-11e4-87d8-000c29864e9b', 0, 1),
(514, 1007, '2014-10-18 20:08:59', '1007_9928b1ac-5702-11e4-87d8-000c29864e9b', 0, 1),
(515, 2124, '2014-10-18 20:09:00', '2124_99472b96-5702-11e4-87d8-000c29864e9b', 0, 1),
(516, 347, '2014-10-18 20:09:00', '347_996c3df0-5702-11e4-87d8-000c29864e9b', 0, 1),
(517, 44, '2014-10-18 20:09:00', '44_9984bfba-5702-11e4-87d8-000c29864e9b', 0, 1),
(518, 314, '2014-10-18 20:09:00', '314_99959920-5702-11e4-87d8-000c29864e9b', 0, 1),
(519, 2110, '2014-10-18 20:09:00', '2110_99ae867e-5702-11e4-87d8-000c29864e9b', 0, 1),
(520, 190, '2014-10-18 20:09:00', '190_99b8f78a-5702-11e4-87d8-000c29864e9b', 0, 1),
(521, 35, '2014-10-18 20:09:00', '35_99c95404-5702-11e4-87d8-000c29864e9b', 0, 1),
(522, 410, '2014-10-18 20:09:01', '410_99e47db0-5702-11e4-87d8-000c29864e9b', 0, 1),
(523, 333, '2014-10-18 20:09:01', '333_99f75dcc-5702-11e4-87d8-000c29864e9b', 0, 1),
(524, 2080, '2014-10-18 20:09:01', '2080_9a1382a4-5702-11e4-87d8-000c29864e9b', 0, 1),
(525, 52, '2014-10-18 20:09:01', '52_9a2ad5bc-5702-11e4-87d8-000c29864e9b', 0, 1),
(526, 187, '2014-10-18 20:09:01', '187_9a42165a-5702-11e4-87d8-000c29864e9b', 0, 1),
(527, 131, '2014-10-18 20:09:01', '131_9a589f9c-5702-11e4-87d8-000c29864e9b', 0, 1),
(528, 311, '2014-10-18 20:09:01', '311_9a634e88-5702-11e4-87d8-000c29864e9b', 0, 1),
(529, 2089, '2014-10-18 20:09:02', '2089_9a774c12-5702-11e4-87d8-000c29864e9b', 0, 1),
(530, 321, '2014-10-18 20:09:02', '321_9a905bee-5702-11e4-87d8-000c29864e9b', 0, 1),
(531, 86, '2014-10-18 20:09:02', '86_9a9e3610-5702-11e4-87d8-000c29864e9b', 0, 1),
(532, 296, '2014-10-18 20:09:02', '296_9ac2a14e-5702-11e4-87d8-000c29864e9b', 0, 1),
(533, 80, '2014-10-18 20:09:02', '80_9ae1a4fe-5702-11e4-87d8-000c29864e9b', 0, 1),
(534, 316, '2014-10-18 20:09:03', '316_9affba66-5702-11e4-87d8-000c29864e9b', 0, 1),
(535, 267, '2014-10-18 20:09:03', '267_9b2a799a-5702-11e4-87d8-000c29864e9b', 0, 1),
(536, 383, '2014-10-18 20:09:03', '383_9b3b667e-5702-11e4-87d8-000c29864e9b', 0, 1),
(537, 324, '2014-10-18 20:09:03', '324_9b474ee4-5702-11e4-87d8-000c29864e9b', 0, 1),
(538, 373, '2014-10-18 20:09:03', '373_9b62401e-5702-11e4-87d8-000c29864e9b', 0, 1),
(539, 78, '2014-10-18 20:09:03', '78_9b6f23a6-5702-11e4-87d8-000c29864e9b', 0, 1),
(540, 224, '2014-10-18 20:09:03', '224_9b797810-5702-11e4-87d8-000c29864e9b', 0, 1),
(541, 249, '2014-10-18 20:09:03', '249_9b8f584c-5702-11e4-87d8-000c29864e9b', 0, 1),
(542, 252, '2014-10-18 20:09:04', '252_9ba805c2-5702-11e4-87d8-000c29864e9b', 0, 1),
(543, 106, '2014-10-18 20:09:04', '106_9bbbcbac-5702-11e4-87d8-000c29864e9b', 0, 1),
(544, 2149, '2014-10-18 20:09:04', '2149_9bc6a3ec-5702-11e4-87d8-000c29864e9b', 0, 1),
(545, 82, '2014-10-18 20:09:04', '82_9bdece68-5702-11e4-87d8-000c29864e9b', 0, 1),
(546, 293, '2014-10-18 20:09:04', '293_9bef239e-5702-11e4-87d8-000c29864e9b', 0, 1),
(547, 2147, '2014-10-18 20:09:04', '2147_9bf80658-5702-11e4-87d8-000c29864e9b', 0, 1),
(548, 2116, '2014-10-18 20:09:04', '2116_9c13e1e8-5702-11e4-87d8-000c29864e9b', 0, 1),
(549, 344, '2014-10-18 20:09:05', '344_9c35684a-5702-11e4-87d8-000c29864e9b', 0, 1),
(550, 2017, '2014-10-18 20:09:05', '2017_9c4abe98-5702-11e4-87d8-000c29864e9b', 0, 1),
(551, 123, '2014-10-18 20:09:05', '123_9c5e7528-5702-11e4-87d8-000c29864e9b', 0, 1),
(552, 2045, '2014-10-18 20:09:05', '2045_9c6a4f1a-5702-11e4-87d8-000c29864e9b', 0, 1),
(553, 2046, '2014-10-18 20:09:05', '2046_9c7a0aa4-5702-11e4-87d8-000c29864e9b', 0, 1),
(554, 277, '2014-10-18 20:09:05', '277_9c99b3a4-5702-11e4-87d8-000c29864e9b', 0, 1),
(555, 22, '2014-10-18 20:09:05', '22_9ca5533a-5702-11e4-87d8-000c29864e9b', 0, 1),
(556, 260, '2014-10-18 20:09:05', '260_9cc2a99e-5702-11e4-87d8-000c29864e9b', 0, 1),
(557, 95, '2014-10-18 20:09:06', '95_9cdc2d1a-5702-11e4-87d8-000c29864e9b', 0, 1),
(558, 2002, '2014-10-18 20:09:06', '2002_9cfb59c4-5702-11e4-87d8-000c29864e9b', 0, 1),
(559, 226, '2014-10-18 20:09:06', '226_9d1d183e-5702-11e4-87d8-000c29864e9b', 0, 1),
(560, 2024, '2014-10-18 20:09:06', '2024_9d37b2c0-5702-11e4-87d8-000c29864e9b', 0, 1),
(561, 301, '2014-10-18 20:09:06', '301_9d419358-5702-11e4-87d8-000c29864e9b', 0, 1),
(562, 2009, '2014-10-18 20:09:07', '2009_9d67ceb0-5702-11e4-87d8-000c29864e9b', 0, 1),
(563, 292, '2014-10-18 20:09:07', '292_9d7132ca-5702-11e4-87d8-000c29864e9b', 0, 1),
(564, 217, '2014-10-18 20:09:07', '217_9d83afd6-5702-11e4-87d8-000c29864e9b', 0, 1),
(565, 2049, '2014-10-18 20:09:07', '2049_9d9af434-5702-11e4-87d8-000c29864e9b', 0, 1),
(566, 2054, '2014-10-18 20:09:07', '2054_9db09398-5702-11e4-87d8-000c29864e9b', 0, 1),
(567, 280, '2014-10-18 20:09:07', '280_9dba552c-5702-11e4-87d8-000c29864e9b', 0, 1);

-- --------------------------------------------------------

--
-- Structure de la table `ds9s_galaxyfeatures`
--

CREATE TABLE IF NOT EXISTS `ds9s_galaxyfeatures` (
`id` int(11) NOT NULL,
  `galaxy_id` int(11) NOT NULL,
  `galaxyfields_id` int(11) NOT NULL,
  `value` decimal(19,10) NOT NULL
) ENGINE=InnoDB  DEFAULT CHARSET=latin1 AUTO_INCREMENT=4537 ;

--
-- Contenu de la table `ds9s_galaxyfeatures`
--

INSERT INTO `ds9s_galaxyfeatures` (`id`, `galaxy_id`, `galaxyfields_id`, `value`) VALUES
(1, 1, 1, '82.9647900000'),
(2, 1, 2, '-7.3830450000'),
(3, 1, 3, '0.0000290000'),
(4, 1, 4, '0.0000240000'),
(5, 1, 5, '25.8700000000'),
(6, 1, 6, '0.0900000000'),
(7, 1, 7, '25.5500000000'),
(8, 1, 8, '0.2000000000'),
(9, 2, 1, '82.9616930000'),
(10, 2, 2, '-7.3838690000'),
(11, 2, 3, '0.0000280000'),
(12, 2, 4, '0.0000180000'),
(13, 2, 5, '27.9100000000'),
(14, 2, 6, '0.1900000000'),
(15, 2, 7, '26.0100000000'),
(16, 2, 8, '0.1900000000'),
(17, 3, 1, '82.9815750000'),
(18, 3, 2, '-7.3834140000'),
(19, 3, 3, '0.0000500000'),
(20, 3, 4, '0.0000470000'),
(21, 3, 5, '22.3500000000'),
(22, 3, 6, '0.0000000000'),
(23, 3, 7, '22.4400000000'),
(24, 3, 8, '0.0100000000'),
(25, 4, 1, '82.9578400000'),
(26, 4, 2, '-7.3937810000'),
(27, 4, 3, '0.0000490000'),
(28, 4, 4, '0.0000460000'),
(29, 4, 5, '24.0900000000'),
(30, 4, 6, '0.0300000000'),
(31, 4, 7, '23.4300000000'),
(32, 4, 8, '0.0400000000'),
(33, 5, 1, '82.9747770000'),
(34, 5, 2, '-7.3725640000'),
(35, 5, 3, '0.0000810000'),
(36, 5, 4, '0.0000650000'),
(37, 5, 5, '19.0900000000'),
(38, 5, 6, '0.0000000000'),
(39, 5, 7, '19.2500000000'),
(40, 5, 8, '0.0000000000'),
(41, 6, 1, '82.9754940000'),
(42, 6, 2, '-7.3882030000'),
(43, 6, 3, '0.0000360000'),
(44, 6, 4, '0.0000300000'),
(45, 6, 5, '25.6000000000'),
(46, 6, 6, '0.0700000000'),
(47, 6, 7, '25.2600000000'),
(48, 6, 8, '0.1500000000'),
(49, 7, 1, '82.9588170000'),
(50, 7, 2, '-7.4009360000'),
(51, 7, 3, '0.0000280000'),
(52, 7, 4, '0.0000180000'),
(53, 7, 5, '27.9100000000'),
(54, 7, 6, '0.2800000000'),
(55, 7, 7, '26.0600000000'),
(56, 7, 8, '0.2800000000'),
(57, 8, 1, '82.9718860000'),
(58, 8, 2, '-7.3980800000'),
(59, 8, 3, '0.0000750000'),
(60, 8, 4, '0.0000310000'),
(61, 8, 5, '24.4000000000'),
(62, 8, 6, '0.0800000000'),
(63, 8, 7, '23.1900000000'),
(64, 8, 8, '4.3100000000'),
(65, 9, 1, '82.9520190000'),
(66, 9, 2, '-7.4015460000'),
(67, 9, 3, '0.0002790000'),
(68, 9, 4, '0.0001020000'),
(69, 9, 5, '21.4000000000'),
(70, 9, 6, '4.9900000000'),
(71, 9, 7, '22.3300000000'),
(72, 9, 8, '1.6500000000'),
(73, 10, 1, '82.9828260000'),
(74, 10, 2, '-7.4050410000'),
(75, 10, 3, '0.0000560000'),
(76, 10, 4, '0.0000380000'),
(77, 10, 5, '24.6400000000'),
(78, 10, 6, '0.0400000000'),
(79, 10, 7, '24.7000000000'),
(80, 10, 8, '0.0900000000'),
(81, 11, 1, '82.9551620000'),
(82, 11, 2, '-7.3792490000'),
(83, 11, 3, '0.0000860000'),
(84, 11, 4, '0.0000450000'),
(85, 11, 5, '23.9200000000'),
(86, 11, 6, '0.0400000000'),
(87, 11, 7, '23.5400000000'),
(88, 11, 8, '0.0700000000'),
(89, 12, 1, '82.9879530000'),
(90, 12, 2, '-7.3931960000'),
(91, 12, 3, '0.0000820000'),
(92, 12, 4, '0.0000400000'),
(93, 12, 5, '27.9100000000'),
(94, 12, 6, '0.1000000000'),
(95, 12, 7, '23.9700000000'),
(96, 12, 8, '0.1000000000'),
(97, 13, 1, '82.9627460000'),
(98, 13, 2, '-7.3783130000'),
(99, 13, 3, '0.0000800000'),
(100, 13, 4, '0.0000770000'),
(101, 13, 5, '18.4800000000'),
(102, 13, 6, '0.0000000000'),
(103, 13, 7, '18.1800000000'),
(104, 13, 8, '0.0000000000'),
(105, 14, 1, '82.9551160000'),
(106, 14, 2, '-7.3760810000'),
(107, 14, 3, '0.0000720000'),
(108, 14, 4, '0.0000350000'),
(109, 14, 5, '24.6600000000'),
(110, 14, 6, '0.0400000000'),
(111, 14, 7, '24.1500000000'),
(112, 14, 8, '0.0700000000'),
(113, 15, 1, '82.9751660000'),
(114, 15, 2, '-7.3849680000'),
(115, 15, 3, '0.0000640000'),
(116, 15, 4, '0.0000280000'),
(117, 15, 5, '27.9100000000'),
(118, 15, 6, '0.1800000000'),
(119, 15, 7, '24.8800000000'),
(120, 15, 8, '0.1800000000'),
(121, 16, 1, '82.9811020000'),
(122, 16, 2, '-7.3984800000'),
(123, 16, 3, '0.0000470000'),
(124, 16, 4, '0.0000430000'),
(125, 16, 5, '22.6900000000'),
(126, 16, 6, '0.0100000000'),
(127, 16, 7, '22.9000000000'),
(128, 16, 8, '0.0200000000'),
(129, 17, 1, '82.9626160000'),
(130, 17, 2, '-7.3840840000'),
(131, 17, 3, '0.0000340000'),
(132, 17, 4, '0.0000170000'),
(133, 17, 5, '25.2700000000'),
(134, 17, 6, '0.0700000000'),
(135, 17, 7, '26.8500000000'),
(136, 17, 8, '0.0700000000'),
(137, 18, 1, '82.9829560000'),
(138, 18, 2, '-7.3745250000'),
(139, 18, 3, '0.0000520000'),
(140, 18, 4, '0.0000460000'),
(141, 18, 5, '23.9000000000'),
(142, 18, 6, '0.0200000000'),
(143, 18, 7, '23.6100000000'),
(144, 18, 8, '0.0400000000'),
(145, 19, 1, '82.9769290000'),
(146, 19, 2, '-7.3926710000'),
(147, 19, 3, '0.0000250000'),
(148, 19, 4, '0.0000230000'),
(149, 19, 5, '27.9100000000'),
(150, 19, 6, '0.1800000000'),
(151, 19, 7, '25.7000000000'),
(152, 19, 8, '0.1800000000'),
(153, 20, 1, '82.9532470000'),
(154, 20, 2, '-7.3978080000'),
(155, 20, 3, '0.0002110000'),
(156, 20, 4, '0.0000620000'),
(157, 20, 5, '22.2800000000'),
(158, 20, 6, '0.0100000000'),
(159, 20, 7, '21.6300000000'),
(160, 20, 8, '0.0100000000'),
(161, 21, 1, '82.9667660000'),
(162, 21, 2, '-7.3743220000'),
(163, 21, 3, '0.0000320000'),
(164, 21, 4, '0.0000270000'),
(165, 21, 5, '25.3900000000'),
(166, 21, 6, '0.0700000000'),
(167, 21, 7, '26.8500000000'),
(168, 21, 8, '0.0700000000'),
(169, 22, 1, '82.9646760000'),
(170, 22, 2, '-7.3951850000'),
(171, 22, 3, '0.0000300000'),
(172, 22, 4, '0.0000200000'),
(173, 22, 5, '27.9100000000'),
(174, 22, 6, '0.2200000000'),
(175, 22, 7, '25.8600000000'),
(176, 22, 8, '0.2200000000'),
(177, 23, 1, '82.9517970000'),
(178, 23, 2, '-7.3971060000'),
(179, 23, 3, '0.0000300000'),
(180, 23, 4, '0.0000240000'),
(181, 23, 5, '27.9100000000'),
(182, 23, 6, '0.1700000000'),
(183, 23, 7, '25.8600000000'),
(184, 23, 8, '0.1700000000'),
(185, 24, 1, '82.9624400000'),
(186, 24, 2, '-7.3994620000'),
(187, 24, 3, '0.0000700000'),
(188, 24, 4, '0.0000440000'),
(189, 24, 5, '23.6800000000'),
(190, 24, 6, '0.0200000000'),
(191, 24, 7, '23.7000000000'),
(192, 24, 8, '0.0400000000'),
(193, 25, 1, '82.9527740000'),
(194, 25, 2, '-7.4016460000'),
(195, 25, 3, '0.0001570000'),
(196, 25, 4, '0.0000450000'),
(197, 25, 5, '22.7500000000'),
(198, 25, 6, '0.0800000000'),
(199, 25, 7, '26.8500000000'),
(200, 25, 8, '0.0800000000'),
(201, 26, 1, '82.9809040000'),
(202, 26, 2, '-7.3733900000'),
(203, 26, 3, '0.0000420000'),
(204, 26, 4, '0.0000330000'),
(205, 26, 5, '25.1500000000'),
(206, 26, 6, '0.0600000000'),
(207, 26, 7, '25.0200000000'),
(208, 26, 8, '0.1600000000'),
(209, 27, 1, '82.9819110000'),
(210, 27, 2, '-7.4011190000'),
(211, 27, 3, '0.0000810000'),
(212, 27, 4, '0.0000590000'),
(213, 27, 5, '23.5500000000'),
(214, 27, 6, '0.0300000000'),
(215, 27, 7, '23.2500000000'),
(216, 27, 8, '0.0600000000'),
(217, 28, 1, '82.9850080000'),
(218, 28, 2, '-7.3889830000'),
(219, 28, 3, '0.0000510000'),
(220, 28, 4, '0.0000480000'),
(221, 28, 5, '24.0700000000'),
(222, 28, 6, '0.0400000000'),
(223, 28, 7, '24.1900000000'),
(224, 28, 8, '0.0800000000'),
(225, 29, 1, '82.9804380000'),
(226, 29, 2, '-7.3743610000'),
(227, 29, 3, '0.0000250000'),
(228, 29, 4, '0.0000180000'),
(229, 29, 5, '27.9100000000'),
(230, 29, 6, '0.2500000000'),
(231, 29, 7, '26.5400000000'),
(232, 29, 8, '0.2500000000'),
(233, 30, 1, '82.9511870000'),
(234, 30, 2, '-7.4012420000'),
(235, 30, 3, '0.0001630000'),
(236, 30, 4, '0.0000420000'),
(237, 30, 5, '27.9100000000'),
(238, 30, 6, '2.4500000000'),
(239, 30, 7, '22.8100000000'),
(240, 30, 8, '2.4500000000'),
(241, 31, 1, '82.9796140000'),
(242, 31, 2, '-7.3855990000'),
(243, 31, 3, '0.0000610000'),
(244, 31, 4, '0.0000590000'),
(245, 31, 5, '21.6700000000'),
(246, 31, 6, '0.0000000000'),
(247, 31, 7, '21.2500000000'),
(248, 31, 8, '0.0100000000'),
(249, 32, 1, '82.9603880000'),
(250, 32, 2, '-7.3705770000'),
(251, 32, 3, '0.0000640000'),
(252, 32, 4, '0.0000510000'),
(253, 32, 5, '23.9400000000'),
(254, 32, 6, '0.0300000000'),
(255, 32, 7, '23.2800000000'),
(256, 32, 8, '0.0300000000'),
(257, 33, 1, '82.9658130000'),
(258, 33, 2, '-7.3904760000'),
(259, 33, 3, '0.0000650000'),
(260, 33, 4, '0.0000370000'),
(261, 33, 5, '24.6600000000'),
(262, 33, 6, '0.0300000000'),
(263, 33, 7, '24.3200000000'),
(264, 33, 8, '0.0700000000'),
(265, 34, 1, '82.9758070000'),
(266, 34, 2, '-7.3832290000'),
(267, 34, 3, '0.0000710000'),
(268, 34, 4, '0.0000650000'),
(269, 34, 5, '22.4900000000'),
(270, 34, 6, '0.0100000000'),
(271, 34, 7, '21.7600000000'),
(272, 34, 8, '0.0100000000'),
(273, 35, 1, '82.9684750000'),
(274, 35, 2, '-7.3968950000'),
(275, 35, 3, '0.0000340000'),
(276, 35, 4, '0.0000290000'),
(277, 35, 5, '25.3900000000'),
(278, 35, 6, '0.0700000000'),
(279, 35, 7, '25.2700000000'),
(280, 35, 8, '0.1400000000'),
(281, 36, 1, '82.9709240000'),
(282, 36, 2, '-7.3845070000'),
(283, 36, 3, '0.0001230000'),
(284, 36, 4, '0.0001090000'),
(285, 36, 5, '20.9200000000'),
(286, 36, 6, '0.0000000000'),
(287, 36, 7, '20.4100000000'),
(288, 36, 8, '0.0100000000'),
(289, 37, 1, '82.9645690000'),
(290, 37, 2, '-7.4014850000'),
(291, 37, 3, '0.0000520000'),
(292, 37, 4, '0.0000370000'),
(293, 37, 5, '24.7800000000'),
(294, 37, 6, '0.0400000000'),
(295, 37, 7, '24.1400000000'),
(296, 37, 8, '0.0900000000'),
(297, 38, 1, '82.9868930000'),
(298, 38, 2, '-7.3964010000'),
(299, 38, 3, '0.0000360000'),
(300, 38, 4, '0.0000260000'),
(301, 38, 5, '27.9100000000'),
(302, 38, 6, '0.2000000000'),
(303, 38, 7, '25.4700000000'),
(304, 38, 8, '0.2000000000'),
(305, 39, 1, '82.9563600000'),
(306, 39, 2, '-7.3911130000'),
(307, 39, 3, '0.0000690000'),
(308, 39, 4, '0.0000450000'),
(309, 39, 5, '23.7500000000'),
(310, 39, 6, '0.0200000000'),
(311, 39, 7, '23.7500000000'),
(312, 39, 8, '0.0600000000'),
(313, 40, 1, '82.9855650000'),
(314, 40, 2, '-7.3834980000'),
(315, 40, 3, '0.0000720000'),
(316, 40, 4, '0.0000350000'),
(317, 40, 5, '23.7200000000'),
(318, 40, 6, '0.1300000000'),
(319, 40, 7, '23.2300000000'),
(320, 40, 8, '0.2500000000'),
(321, 41, 1, '82.9546740000'),
(322, 41, 2, '-7.3765950000'),
(323, 41, 3, '0.0000900000'),
(324, 41, 4, '0.0000500000'),
(325, 41, 5, '23.0400000000'),
(326, 41, 6, '0.0100000000'),
(327, 41, 7, '22.9100000000'),
(328, 41, 8, '0.0300000000'),
(329, 42, 1, '82.9692380000'),
(330, 42, 2, '-7.3739130000'),
(331, 42, 3, '0.0000330000'),
(332, 42, 4, '0.0000320000'),
(333, 42, 5, '25.6800000000'),
(334, 42, 6, '0.0800000000'),
(335, 42, 7, '24.7800000000'),
(336, 42, 8, '0.1400000000'),
(337, 43, 1, '82.9609600000'),
(338, 43, 2, '-7.3797450000'),
(339, 43, 3, '0.0002290000'),
(340, 43, 4, '0.0001970000'),
(341, 43, 5, '19.4400000000'),
(342, 43, 6, '0.0000000000'),
(343, 43, 7, '19.1400000000'),
(344, 43, 8, '0.0000000000'),
(345, 44, 1, '82.9895170000'),
(346, 44, 2, '-7.3793980000'),
(347, 44, 3, '0.0000450000'),
(348, 44, 4, '0.0000330000'),
(349, 44, 5, '25.0600000000'),
(350, 44, 6, '0.0500000000'),
(351, 44, 7, '24.8600000000'),
(352, 44, 8, '0.1200000000'),
(353, 45, 1, '82.9546810000'),
(354, 45, 2, '-7.3951680000'),
(355, 45, 3, '0.0000590000'),
(356, 45, 4, '0.0000440000'),
(357, 45, 5, '24.3000000000'),
(358, 45, 6, '0.0400000000'),
(359, 45, 7, '23.5600000000'),
(360, 45, 8, '0.0600000000'),
(361, 46, 1, '82.9626010000'),
(362, 46, 2, '-7.3931880000'),
(363, 46, 3, '0.0000580000'),
(364, 46, 4, '0.0000360000'),
(365, 46, 5, '24.8100000000'),
(366, 46, 6, '0.0600000000'),
(367, 46, 7, '24.9100000000'),
(368, 46, 8, '0.2000000000'),
(369, 47, 1, '82.9682850000'),
(370, 47, 2, '-7.3872790000'),
(371, 47, 3, '0.0000460000'),
(372, 47, 4, '0.0000310000'),
(373, 47, 5, '25.2200000000'),
(374, 47, 6, '0.0600000000'),
(375, 47, 7, '24.8000000000'),
(376, 47, 8, '0.1300000000'),
(377, 48, 1, '82.9864350000'),
(378, 48, 2, '-7.3968690000'),
(379, 48, 3, '0.0000720000'),
(380, 48, 4, '0.0000310000'),
(381, 48, 5, '24.8200000000'),
(382, 48, 6, '0.0600000000'),
(383, 48, 7, '24.0000000000'),
(384, 48, 8, '0.0900000000'),
(385, 49, 1, '82.9676510000'),
(386, 49, 2, '-7.3861210000'),
(387, 49, 3, '0.0000960000'),
(388, 49, 4, '0.0000360000'),
(389, 49, 5, '27.9100000000'),
(390, 49, 6, '0.1000000000'),
(391, 49, 7, '24.0200000000'),
(392, 49, 8, '0.1000000000'),
(393, 50, 1, '82.9667130000'),
(394, 50, 2, '-7.3960770000'),
(395, 50, 3, '0.0000430000'),
(396, 50, 4, '0.0000400000'),
(397, 50, 5, '24.5800000000'),
(398, 50, 6, '0.0300000000'),
(399, 50, 7, '23.9500000000'),
(400, 50, 8, '0.0500000000'),
(401, 51, 1, '82.9558720000'),
(402, 51, 2, '-7.3803460000'),
(403, 51, 3, '0.0000390000'),
(404, 51, 4, '0.0000260000'),
(405, 51, 5, '25.5600000000'),
(406, 51, 6, '0.0800000000'),
(407, 51, 7, '25.2500000000'),
(408, 51, 8, '0.1900000000'),
(409, 52, 1, '82.9743120000'),
(410, 52, 2, '-7.3945940000'),
(411, 52, 3, '0.0000310000'),
(412, 52, 4, '0.0000190000'),
(413, 52, 5, '27.9100000000'),
(414, 52, 6, '0.2100000000'),
(415, 52, 7, '25.8900000000'),
(416, 52, 8, '0.2100000000'),
(417, 53, 1, '82.9583510000'),
(418, 53, 2, '-7.3833040000'),
(419, 53, 3, '0.0000700000'),
(420, 53, 4, '0.0000640000'),
(421, 53, 5, '23.5600000000'),
(422, 53, 6, '0.0200000000'),
(423, 53, 7, '22.6800000000'),
(424, 53, 8, '0.0300000000'),
(425, 54, 1, '82.9866560000'),
(426, 54, 2, '-7.3963870000'),
(427, 54, 3, '0.0000600000'),
(428, 54, 4, '0.0000340000'),
(429, 54, 5, '24.4800000000'),
(430, 54, 6, '0.0500000000'),
(431, 54, 7, '24.2300000000'),
(432, 54, 8, '0.1000000000'),
(433, 55, 1, '82.9549330000'),
(434, 55, 2, '-7.3894570000'),
(435, 55, 3, '0.0000980000'),
(436, 55, 4, '0.0000820000'),
(437, 55, 5, '20.6300000000'),
(438, 55, 6, '0.0000000000'),
(439, 55, 7, '20.1900000000'),
(440, 55, 8, '0.0000000000'),
(441, 56, 1, '82.9591750000'),
(442, 56, 2, '-7.3716350000'),
(443, 56, 3, '0.0000550000'),
(444, 56, 4, '0.0000390000'),
(445, 56, 5, '24.3800000000'),
(446, 56, 6, '0.0300000000'),
(447, 56, 7, '24.0900000000'),
(448, 56, 8, '0.0600000000'),
(449, 57, 1, '82.9853060000'),
(450, 57, 2, '-7.3824080000'),
(451, 57, 3, '0.0001220000'),
(452, 57, 4, '0.0000440000'),
(453, 57, 5, '23.7500000000'),
(454, 57, 6, '0.0400000000'),
(455, 57, 7, '23.6600000000'),
(456, 57, 8, '0.0800000000'),
(457, 58, 1, '82.9892810000'),
(458, 58, 2, '-7.3775740000'),
(459, 58, 3, '0.0000490000'),
(460, 58, 4, '0.0000480000'),
(461, 58, 5, '21.4300000000'),
(462, 58, 6, '0.0000000000'),
(463, 58, 7, '21.7000000000'),
(464, 58, 8, '0.0100000000'),
(465, 59, 1, '82.9860990000'),
(466, 59, 2, '-7.3751110000'),
(467, 59, 3, '0.0000300000'),
(468, 59, 4, '0.0000230000'),
(469, 59, 5, '25.5400000000'),
(470, 59, 6, '0.0800000000'),
(471, 59, 7, '26.8500000000'),
(472, 59, 8, '0.0800000000'),
(473, 60, 1, '82.9790270000'),
(474, 60, 2, '-7.4029490000'),
(475, 60, 3, '0.0000530000'),
(476, 60, 4, '0.0000420000'),
(477, 60, 5, '24.4400000000'),
(478, 60, 6, '0.0600000000'),
(479, 60, 7, '24.1000000000'),
(480, 60, 8, '0.1000000000'),
(481, 61, 1, '82.9758450000'),
(482, 61, 2, '-7.3851010000'),
(483, 61, 3, '0.0000470000'),
(484, 61, 4, '0.0000190000'),
(485, 61, 5, '25.3500000000'),
(486, 61, 6, '0.0800000000'),
(487, 61, 7, '24.7000000000'),
(488, 61, 8, '0.1100000000'),
(489, 62, 1, '82.9664150000'),
(490, 62, 2, '-7.3737610000'),
(491, 62, 3, '0.0000970000'),
(492, 62, 4, '0.0000590000'),
(493, 62, 5, '23.6600000000'),
(494, 62, 6, '0.0400000000'),
(495, 62, 7, '22.8100000000'),
(496, 62, 8, '0.0500000000'),
(497, 63, 1, '82.9704360000'),
(498, 63, 2, '-7.3756380000'),
(499, 63, 3, '0.0000300000'),
(500, 63, 4, '0.0000290000'),
(501, 63, 5, '27.9100000000'),
(502, 63, 6, '0.1100000000'),
(503, 63, 7, '25.4700000000'),
(504, 63, 8, '0.1100000000'),
(505, 64, 1, '82.9599530000'),
(506, 64, 2, '-7.3976510000'),
(507, 64, 3, '0.0000430000'),
(508, 64, 4, '0.0000250000'),
(509, 64, 5, '25.1900000000'),
(510, 64, 6, '0.0600000000'),
(511, 64, 7, '24.8200000000'),
(512, 64, 8, '0.1400000000'),
(513, 65, 1, '82.9712980000'),
(514, 65, 2, '-7.3764430000'),
(515, 65, 3, '0.0000340000'),
(516, 65, 4, '0.0000260000'),
(517, 65, 5, '25.6000000000'),
(518, 65, 6, '0.0800000000'),
(519, 65, 7, '25.9200000000'),
(520, 65, 8, '0.2100000000'),
(521, 66, 1, '82.9578250000'),
(522, 66, 2, '-7.3848400000'),
(523, 66, 3, '0.0000420000'),
(524, 66, 4, '0.0000280000'),
(525, 66, 5, '25.4000000000'),
(526, 66, 6, '0.0700000000'),
(527, 66, 7, '25.2300000000'),
(528, 66, 8, '0.1400000000'),
(529, 67, 1, '82.9569240000'),
(530, 67, 2, '-7.4000590000'),
(531, 67, 3, '0.0000620000'),
(532, 67, 4, '0.0000610000'),
(533, 67, 5, '22.7400000000'),
(534, 67, 6, '0.0100000000'),
(535, 67, 7, '22.5100000000'),
(536, 67, 8, '0.0200000000'),
(537, 68, 1, '82.9853520000'),
(538, 68, 2, '-7.3819550000'),
(539, 68, 3, '0.0000880000'),
(540, 68, 4, '0.0000420000'),
(541, 68, 5, '23.5200000000'),
(542, 68, 6, '0.0200000000'),
(543, 68, 7, '23.1000000000'),
(544, 68, 8, '0.0400000000'),
(545, 69, 1, '82.9766460000'),
(546, 69, 2, '-7.4024370000'),
(547, 69, 3, '0.0000280000'),
(548, 69, 4, '0.0000230000'),
(549, 69, 5, '27.9100000000'),
(550, 69, 6, '0.1900000000'),
(551, 69, 7, '25.7900000000'),
(552, 69, 8, '0.1900000000'),
(553, 70, 1, '82.9839860000'),
(554, 70, 2, '-7.3987530000'),
(555, 70, 3, '0.0000410000'),
(556, 70, 4, '0.0000360000'),
(557, 70, 5, '24.9800000000'),
(558, 70, 6, '0.0400000000'),
(559, 70, 7, '24.8100000000'),
(560, 70, 8, '0.0800000000'),
(561, 71, 1, '82.9668430000'),
(562, 71, 2, '-7.3850120000'),
(563, 71, 3, '0.0000290000'),
(564, 71, 4, '0.0000190000'),
(565, 71, 5, '27.9100000000'),
(566, 71, 6, '0.1800000000'),
(567, 71, 7, '26.1500000000'),
(568, 71, 8, '0.1800000000'),
(569, 72, 1, '82.9705810000'),
(570, 72, 2, '-7.3977830000'),
(571, 72, 3, '0.0000600000'),
(572, 72, 4, '0.0000470000'),
(573, 72, 5, '23.5400000000'),
(574, 72, 6, '0.0100000000'),
(575, 72, 7, '23.0000000000'),
(576, 72, 8, '0.0300000000'),
(577, 73, 1, '82.9703520000'),
(578, 73, 2, '-7.3875880000'),
(579, 73, 3, '0.0000400000'),
(580, 73, 4, '0.0000340000'),
(581, 73, 5, '27.9100000000'),
(582, 73, 6, '0.1300000000'),
(583, 73, 7, '25.3700000000'),
(584, 73, 8, '0.1300000000'),
(585, 74, 1, '82.9812930000'),
(586, 74, 2, '-7.3962000000'),
(587, 74, 3, '0.0000590000'),
(588, 74, 4, '0.0000480000'),
(589, 74, 5, '23.9300000000'),
(590, 74, 6, '0.0200000000'),
(591, 74, 7, '23.4000000000'),
(592, 74, 8, '0.0500000000'),
(593, 75, 1, '82.9629670000'),
(594, 75, 2, '-7.3766040000'),
(595, 75, 3, '0.0000700000'),
(596, 75, 4, '0.0000370000'),
(597, 75, 5, '24.5200000000'),
(598, 75, 6, '0.0400000000'),
(599, 75, 7, '24.6800000000'),
(600, 75, 8, '0.0900000000'),
(601, 76, 1, '82.9586790000'),
(602, 76, 2, '-7.3968010000'),
(603, 76, 3, '0.0000580000'),
(604, 76, 4, '0.0000250000'),
(605, 76, 5, '25.2500000000'),
(606, 76, 6, '0.0700000000'),
(607, 76, 7, '24.3000000000'),
(608, 76, 8, '0.1300000000'),
(609, 77, 1, '82.9872590000'),
(610, 77, 2, '-7.3830220000'),
(611, 77, 3, '0.0000440000'),
(612, 77, 4, '0.0000330000'),
(613, 77, 5, '25.1000000000'),
(614, 77, 6, '0.0700000000'),
(615, 77, 7, '24.3600000000'),
(616, 77, 8, '0.0900000000'),
(617, 78, 1, '82.9774780000'),
(618, 78, 2, '-7.4008270000'),
(619, 78, 3, '0.0000670000'),
(620, 78, 4, '0.0000410000'),
(621, 78, 5, '24.6000000000'),
(622, 78, 6, '0.0300000000'),
(623, 78, 7, '23.9700000000'),
(624, 78, 8, '0.0800000000'),
(625, 79, 1, '82.9721220000'),
(626, 79, 2, '-7.4045500000'),
(627, 79, 3, '0.0000520000'),
(628, 79, 4, '0.0000440000'),
(629, 79, 5, '24.3700000000'),
(630, 79, 6, '0.0300000000'),
(631, 79, 7, '24.1700000000'),
(632, 79, 8, '0.0600000000'),
(633, 80, 1, '82.9717180000'),
(634, 80, 2, '-7.4026460000'),
(635, 80, 3, '0.0000280000'),
(636, 80, 4, '0.0000180000'),
(637, 80, 5, '25.8400000000'),
(638, 80, 6, '0.0800000000'),
(639, 80, 7, '26.8500000000'),
(640, 80, 8, '0.0800000000'),
(641, 81, 1, '82.9785610000'),
(642, 81, 2, '-7.3720980000'),
(643, 81, 3, '0.0000520000'),
(644, 81, 4, '0.0000380000'),
(645, 81, 5, '24.4300000000'),
(646, 81, 6, '0.0400000000'),
(647, 81, 7, '24.0600000000'),
(648, 81, 8, '0.0800000000'),
(649, 82, 1, '82.9696500000'),
(650, 82, 2, '-7.3978290000'),
(651, 82, 3, '0.0000810000'),
(652, 82, 4, '0.0000260000'),
(653, 82, 5, '24.7800000000'),
(654, 82, 6, '0.0600000000'),
(655, 82, 7, '24.4700000000'),
(656, 82, 8, '0.1300000000'),
(657, 83, 1, '82.9731830000'),
(658, 83, 2, '-7.3753750000'),
(659, 83, 3, '0.0000580000'),
(660, 83, 4, '0.0000440000'),
(661, 83, 5, '23.9500000000'),
(662, 83, 6, '0.0200000000'),
(663, 83, 7, '23.7900000000'),
(664, 83, 8, '0.0500000000'),
(665, 84, 1, '82.9576870000'),
(666, 84, 2, '-7.3797010000'),
(667, 84, 3, '0.0000530000'),
(668, 84, 4, '0.0000410000'),
(669, 84, 5, '24.4200000000'),
(670, 84, 6, '0.0300000000'),
(671, 84, 7, '24.2300000000'),
(672, 84, 8, '0.0800000000'),
(673, 85, 1, '82.9839860000'),
(674, 85, 2, '-7.3779290000'),
(675, 85, 3, '0.0000290000'),
(676, 85, 4, '0.0000230000'),
(677, 85, 5, '27.9100000000'),
(678, 85, 6, '0.2800000000'),
(679, 85, 7, '26.0700000000'),
(680, 85, 8, '0.2800000000'),
(681, 86, 1, '82.9594500000'),
(682, 86, 2, '-7.3718060000'),
(683, 86, 3, '0.0000310000'),
(684, 86, 4, '0.0000250000'),
(685, 86, 5, '27.9100000000'),
(686, 86, 6, '0.1000000000'),
(687, 86, 7, '25.3100000000'),
(688, 86, 8, '0.1000000000'),
(689, 87, 1, '82.9544680000'),
(690, 87, 2, '-7.3852040000'),
(691, 87, 3, '0.0000390000'),
(692, 87, 4, '0.0000290000'),
(693, 87, 5, '27.9100000000'),
(694, 87, 6, '0.1100000000'),
(695, 87, 7, '25.3300000000'),
(696, 87, 8, '0.1100000000'),
(697, 88, 1, '82.9867550000'),
(698, 88, 2, '-7.3976380000'),
(699, 88, 3, '0.0000480000'),
(700, 88, 4, '0.0000320000'),
(701, 88, 5, '27.9100000000'),
(702, 88, 6, '0.1400000000'),
(703, 88, 7, '24.7700000000'),
(704, 88, 8, '0.1400000000'),
(705, 89, 1, '82.9690090000'),
(706, 89, 2, '-7.3757600000'),
(707, 89, 3, '0.0000310000'),
(708, 89, 4, '0.0000250000'),
(709, 89, 5, '25.8000000000'),
(710, 89, 6, '0.0800000000'),
(711, 89, 7, '25.3600000000'),
(712, 89, 8, '0.1200000000'),
(713, 90, 1, '82.9533690000'),
(714, 90, 2, '-7.3787310000'),
(715, 90, 3, '0.0000400000'),
(716, 90, 4, '0.0000250000'),
(717, 90, 5, '25.2200000000'),
(718, 90, 6, '0.0700000000'),
(719, 90, 7, '25.0300000000'),
(720, 90, 8, '0.1200000000'),
(721, 91, 1, '82.9571840000'),
(722, 91, 2, '-7.3704650000'),
(723, 91, 3, '0.0000630000'),
(724, 91, 4, '0.0000450000'),
(725, 91, 5, '23.3100000000'),
(726, 91, 6, '0.0100000000'),
(727, 91, 7, '23.1700000000'),
(728, 91, 8, '0.0400000000'),
(729, 92, 1, '82.9548260000'),
(730, 92, 2, '-7.4000940000'),
(731, 92, 3, '0.0000420000'),
(732, 92, 4, '0.0000360000'),
(733, 92, 5, '24.7900000000'),
(734, 92, 6, '0.0300000000'),
(735, 92, 7, '24.7900000000'),
(736, 92, 8, '0.0900000000'),
(737, 93, 1, '82.9668270000'),
(738, 93, 2, '-7.3955250000'),
(739, 93, 3, '0.0000540000'),
(740, 93, 4, '0.0000370000'),
(741, 93, 5, '24.8100000000'),
(742, 93, 6, '0.0500000000'),
(743, 93, 7, '24.3100000000'),
(744, 93, 8, '0.0700000000'),
(745, 94, 1, '82.9701460000'),
(746, 94, 2, '-7.3803070000'),
(747, 94, 3, '0.0000280000'),
(748, 94, 4, '0.0000230000'),
(749, 94, 5, '27.9100000000'),
(750, 94, 6, '0.1600000000'),
(751, 94, 7, '26.0200000000'),
(752, 94, 8, '0.1600000000'),
(753, 95, 1, '82.9681020000'),
(754, 95, 2, '-7.3792820000'),
(755, 95, 3, '0.0000520000'),
(756, 95, 4, '0.0000480000'),
(757, 95, 5, '23.9900000000'),
(758, 95, 6, '0.0200000000'),
(759, 95, 7, '23.2700000000'),
(760, 95, 8, '0.0400000000'),
(761, 96, 1, '82.9532700000'),
(762, 96, 2, '-7.4008670000'),
(763, 96, 3, '0.0000280000'),
(764, 96, 4, '0.0000270000'),
(765, 96, 5, '25.6400000000'),
(766, 96, 6, '0.0800000000'),
(767, 96, 7, '25.6000000000'),
(768, 96, 8, '0.1300000000'),
(769, 97, 1, '82.9566040000'),
(770, 97, 2, '-7.3884460000'),
(771, 97, 3, '0.0000330000'),
(772, 97, 4, '0.0000240000'),
(773, 97, 5, '27.9100000000'),
(774, 97, 6, '0.1800000000'),
(775, 97, 7, '25.7600000000'),
(776, 97, 8, '0.1800000000'),
(777, 98, 1, '82.9514160000'),
(778, 98, 2, '-7.3917440000'),
(779, 98, 3, '0.0000280000'),
(780, 98, 4, '0.0000180000'),
(781, 98, 5, '26.1500000000'),
(782, 98, 6, '0.1000000000'),
(783, 98, 7, '25.9000000000'),
(784, 98, 8, '0.1900000000'),
(785, 99, 1, '82.9682240000'),
(786, 99, 2, '-7.3829830000'),
(787, 99, 3, '0.0000460000'),
(788, 99, 4, '0.0000350000'),
(789, 99, 5, '24.9700000000'),
(790, 99, 6, '0.0400000000'),
(791, 99, 7, '24.5300000000'),
(792, 99, 8, '0.0800000000'),
(793, 100, 1, '82.9797590000'),
(794, 100, 2, '-7.3950360000'),
(795, 100, 3, '0.0000390000'),
(796, 100, 4, '0.0000320000'),
(797, 100, 5, '25.2600000000'),
(798, 100, 6, '0.0400000000'),
(799, 100, 7, '25.1000000000'),
(800, 100, 8, '0.1200000000'),
(801, 101, 1, '82.9824830000'),
(802, 101, 2, '-7.3776310000'),
(803, 101, 3, '0.0000290000'),
(804, 101, 4, '0.0000240000'),
(805, 101, 5, '26.0800000000'),
(806, 101, 6, '0.0800000000'),
(807, 101, 7, '26.8500000000'),
(808, 101, 8, '0.0800000000'),
(809, 102, 1, '82.9619520000'),
(810, 102, 2, '-7.3850380000'),
(811, 102, 3, '0.0000470000'),
(812, 102, 4, '0.0000420000'),
(813, 102, 5, '24.7100000000'),
(814, 102, 6, '0.0900000000'),
(815, 102, 7, '24.0400000000'),
(816, 102, 8, '0.1000000000'),
(817, 103, 1, '82.9591220000'),
(818, 103, 2, '-7.3735700000'),
(819, 103, 3, '0.0000690000'),
(820, 103, 4, '0.0000440000'),
(821, 103, 5, '23.8000000000'),
(822, 103, 6, '0.0200000000'),
(823, 103, 7, '23.4300000000'),
(824, 103, 8, '0.0400000000'),
(825, 104, 1, '82.9636460000'),
(826, 104, 2, '-7.3854460000'),
(827, 104, 3, '0.0001010000'),
(828, 104, 4, '0.0000990000'),
(829, 104, 5, '16.0600000000'),
(830, 104, 6, '0.0000000000'),
(831, 104, 7, '16.1400000000'),
(832, 104, 8, '0.0000000000'),
(833, 105, 1, '82.9689640000'),
(834, 105, 2, '-7.4027150000'),
(835, 105, 3, '0.0000280000'),
(836, 105, 4, '0.0000270000'),
(837, 105, 5, '25.8400000000'),
(838, 105, 6, '0.0800000000'),
(839, 105, 7, '25.0100000000'),
(840, 105, 8, '0.1400000000'),
(841, 106, 1, '82.9636690000'),
(842, 106, 2, '-7.3724460000'),
(843, 106, 3, '0.0000420000'),
(844, 106, 4, '0.0000320000'),
(845, 106, 5, '25.2800000000'),
(846, 106, 6, '0.0500000000'),
(847, 106, 7, '25.5700000000'),
(848, 106, 8, '0.1500000000'),
(849, 107, 1, '82.9727330000'),
(850, 107, 2, '-7.3838460000'),
(851, 107, 3, '0.0000310000'),
(852, 107, 4, '0.0000250000'),
(853, 107, 5, '26.0100000000'),
(854, 107, 6, '0.0700000000'),
(855, 107, 7, '25.4700000000'),
(856, 107, 8, '0.1800000000'),
(857, 108, 1, '82.9742200000'),
(858, 108, 2, '-7.3809800000'),
(859, 108, 3, '0.0000440000'),
(860, 108, 4, '0.0000140000'),
(861, 108, 5, '27.9100000000'),
(862, 108, 6, '0.2900000000'),
(863, 108, 7, '25.9500000000'),
(864, 108, 8, '0.2900000000'),
(865, 109, 1, '82.9602580000'),
(866, 109, 2, '-7.3827630000'),
(867, 109, 3, '0.0000670000'),
(868, 109, 4, '0.0000530000'),
(869, 109, 5, '22.7800000000'),
(870, 109, 6, '0.0100000000'),
(871, 109, 7, '21.5700000000'),
(872, 109, 8, '0.0100000000'),
(873, 110, 1, '82.9543080000'),
(874, 110, 2, '-7.3829540000'),
(875, 110, 3, '0.0000490000'),
(876, 110, 4, '0.0000270000'),
(877, 110, 5, '24.7100000000'),
(878, 110, 6, '0.0500000000'),
(879, 110, 7, '24.1700000000'),
(880, 110, 8, '0.1100000000'),
(881, 111, 1, '82.9854660000'),
(882, 111, 2, '-7.3964510000'),
(883, 111, 3, '0.0001790000'),
(884, 111, 4, '0.0000810000'),
(885, 111, 5, '21.8800000000'),
(886, 111, 6, '0.0100000000'),
(887, 111, 7, '21.7300000000'),
(888, 111, 8, '0.0200000000'),
(889, 112, 1, '82.9807280000'),
(890, 112, 2, '-7.4042970000'),
(891, 112, 3, '0.0000930000'),
(892, 112, 4, '0.0000480000'),
(893, 112, 5, '23.3300000000'),
(894, 112, 6, '0.0200000000'),
(895, 112, 7, '22.9800000000'),
(896, 112, 8, '0.0300000000'),
(897, 113, 1, '82.9644700000'),
(898, 113, 2, '-7.3865720000'),
(899, 113, 3, '0.0001400000'),
(900, 113, 4, '0.0000410000'),
(901, 113, 5, '27.9100000000'),
(902, 113, 6, '0.0700000000'),
(903, 113, 7, '23.3800000000'),
(904, 113, 8, '0.0700000000'),
(905, 114, 1, '82.9823380000'),
(906, 114, 2, '-7.3913150000'),
(907, 114, 3, '0.0001180000'),
(908, 114, 4, '0.0000440000'),
(909, 114, 5, '23.4700000000'),
(910, 114, 6, '0.0200000000'),
(911, 114, 7, '23.2000000000'),
(912, 114, 8, '0.0400000000'),
(913, 115, 1, '82.9585040000'),
(914, 115, 2, '-7.3958470000'),
(915, 115, 3, '0.0000380000'),
(916, 115, 4, '0.0000320000'),
(917, 115, 5, '25.4200000000'),
(918, 115, 6, '0.0500000000'),
(919, 115, 7, '24.8600000000'),
(920, 115, 8, '0.1200000000'),
(921, 116, 1, '82.9845730000'),
(922, 116, 2, '-7.3857620000'),
(923, 116, 3, '0.0000350000'),
(924, 116, 4, '0.0000300000'),
(925, 116, 5, '25.4400000000'),
(926, 116, 6, '0.0500000000'),
(927, 116, 7, '25.3700000000'),
(928, 116, 8, '0.1400000000'),
(929, 117, 1, '82.9750750000'),
(930, 117, 2, '-7.3816460000'),
(931, 117, 3, '0.0000430000'),
(932, 117, 4, '0.0000410000'),
(933, 117, 5, '24.1300000000'),
(934, 117, 6, '0.0200000000'),
(935, 117, 7, '23.8100000000'),
(936, 117, 8, '0.0400000000'),
(937, 118, 1, '82.9581910000'),
(938, 118, 2, '-7.3728310000'),
(939, 118, 3, '0.0000350000'),
(940, 118, 4, '0.0000290000'),
(941, 118, 5, '25.3600000000'),
(942, 118, 6, '0.0400000000'),
(943, 118, 7, '25.0300000000'),
(944, 118, 8, '0.1000000000'),
(945, 119, 1, '82.9769290000'),
(946, 119, 2, '-7.3782820000'),
(947, 119, 3, '0.0000900000'),
(948, 119, 4, '0.0000500000'),
(949, 119, 5, '23.0100000000'),
(950, 119, 6, '0.0100000000'),
(951, 119, 7, '22.7500000000'),
(952, 119, 8, '0.0300000000'),
(953, 120, 1, '82.9583590000'),
(954, 120, 2, '-7.3769680000'),
(955, 120, 3, '0.0000440000'),
(956, 120, 4, '0.0000380000'),
(957, 120, 5, '24.7300000000'),
(958, 120, 6, '0.0300000000'),
(959, 120, 7, '24.6200000000'),
(960, 120, 8, '0.0800000000'),
(961, 121, 1, '82.9709850000'),
(962, 121, 2, '-7.4032070000'),
(963, 121, 3, '0.0000510000'),
(964, 121, 4, '0.0000290000'),
(965, 121, 5, '27.9100000000'),
(966, 121, 6, '0.1600000000'),
(967, 121, 7, '25.2100000000'),
(968, 121, 8, '0.1600000000'),
(969, 122, 1, '82.9698490000'),
(970, 122, 2, '-7.3761480000'),
(971, 122, 3, '0.0000310000'),
(972, 122, 4, '0.0000210000'),
(973, 122, 5, '27.9100000000'),
(974, 122, 6, '0.1700000000'),
(975, 122, 7, '25.9100000000'),
(976, 122, 8, '0.1700000000'),
(977, 123, 1, '82.9676900000'),
(978, 123, 2, '-7.4033110000'),
(979, 123, 3, '0.0000570000'),
(980, 123, 4, '0.0000330000'),
(981, 123, 5, '24.5700000000'),
(982, 123, 6, '0.0600000000'),
(983, 123, 7, '24.4100000000'),
(984, 123, 8, '0.1400000000'),
(985, 124, 1, '82.9842680000'),
(986, 124, 2, '-7.4062510000'),
(987, 124, 3, '0.0000900000'),
(988, 124, 4, '0.0000760000'),
(989, 124, 5, '23.0900000000'),
(990, 124, 6, '0.0200000000'),
(991, 124, 7, '23.0300000000'),
(992, 124, 8, '0.0400000000'),
(993, 125, 1, '82.9895860000'),
(994, 125, 2, '-7.3759900000'),
(995, 125, 3, '0.0000500000'),
(996, 125, 4, '0.0000340000'),
(997, 125, 5, '27.9100000000'),
(998, 125, 6, '0.1100000000'),
(999, 125, 7, '24.8900000000'),
(1000, 125, 8, '0.1100000000'),
(1001, 126, 1, '82.9624940000'),
(1002, 126, 2, '-7.3697340000'),
(1003, 126, 3, '0.0000290000'),
(1004, 126, 4, '0.0000230000'),
(1005, 126, 5, '27.9100000000'),
(1006, 126, 6, '0.2000000000'),
(1007, 126, 7, '25.6800000000'),
(1008, 126, 8, '0.2000000000'),
(1009, 127, 1, '82.9776840000'),
(1010, 127, 2, '-7.3759210000'),
(1011, 127, 3, '0.0001000000'),
(1012, 127, 4, '0.0000540000'),
(1013, 127, 5, '23.6500000000'),
(1014, 127, 6, '0.0300000000'),
(1015, 127, 7, '23.4900000000'),
(1016, 127, 8, '0.0700000000'),
(1017, 128, 1, '82.9812390000'),
(1018, 128, 2, '-7.3902250000'),
(1019, 128, 3, '0.0000300000'),
(1020, 128, 4, '0.0000250000'),
(1021, 128, 5, '27.9100000000'),
(1022, 128, 6, '0.1200000000'),
(1023, 128, 7, '25.5500000000'),
(1024, 128, 8, '0.1200000000'),
(1025, 129, 1, '82.9876250000'),
(1026, 129, 2, '-7.3791360000'),
(1027, 129, 3, '0.0000410000'),
(1028, 129, 4, '0.0000350000'),
(1029, 129, 5, '24.9900000000'),
(1030, 129, 6, '0.0500000000'),
(1031, 129, 7, '25.5800000000'),
(1032, 129, 8, '0.2200000000'),
(1033, 130, 1, '82.9540250000'),
(1034, 130, 2, '-7.3874490000'),
(1035, 130, 3, '0.0000290000'),
(1036, 130, 4, '0.0000250000'),
(1037, 130, 5, '25.8900000000'),
(1038, 130, 6, '0.0900000000'),
(1039, 130, 7, '25.8500000000'),
(1040, 130, 8, '0.1800000000'),
(1041, 131, 1, '82.9812770000'),
(1042, 131, 2, '-7.3936960000'),
(1043, 131, 3, '0.0000450000'),
(1044, 131, 4, '0.0000430000'),
(1045, 131, 5, '24.6900000000'),
(1046, 131, 6, '0.0300000000'),
(1047, 131, 7, '24.1800000000'),
(1048, 131, 8, '0.0600000000'),
(1049, 132, 1, '82.9746780000'),
(1050, 132, 2, '-7.3988720000'),
(1051, 132, 3, '0.0000680000'),
(1052, 132, 4, '0.0000440000'),
(1053, 132, 5, '24.3300000000'),
(1054, 132, 6, '0.0400000000'),
(1055, 132, 7, '24.2900000000'),
(1056, 132, 8, '0.0800000000'),
(1057, 133, 1, '82.9762650000'),
(1058, 133, 2, '-7.3878860000'),
(1059, 133, 3, '0.0000290000'),
(1060, 133, 4, '0.0000230000'),
(1061, 133, 5, '27.9100000000'),
(1062, 133, 6, '0.1300000000'),
(1063, 133, 7, '25.6400000000'),
(1064, 133, 8, '0.1300000000'),
(1065, 134, 1, '82.9791560000'),
(1066, 134, 2, '-7.3728680000'),
(1067, 134, 3, '0.0000540000'),
(1068, 134, 4, '0.0000520000'),
(1069, 134, 5, '21.3400000000'),
(1070, 134, 6, '0.0000000000'),
(1071, 134, 7, '21.4600000000'),
(1072, 134, 8, '0.0100000000'),
(1073, 135, 1, '82.9836270000'),
(1074, 135, 2, '-7.4056460000'),
(1075, 135, 3, '0.0000260000'),
(1076, 135, 4, '0.0000200000'),
(1077, 135, 5, '27.9100000000'),
(1078, 135, 6, '0.1600000000'),
(1079, 135, 7, '25.9600000000'),
(1080, 135, 8, '0.1600000000'),
(1081, 136, 1, '82.9853060000'),
(1082, 136, 2, '-7.3824080000'),
(1083, 136, 3, '0.0001220000'),
(1084, 136, 4, '0.0000440000'),
(1085, 136, 5, '23.7500000000'),
(1086, 136, 6, '0.0400000000'),
(1087, 136, 7, '23.4800000000'),
(1088, 136, 8, '0.0600000000'),
(1089, 137, 1, '82.9676360000'),
(1090, 137, 2, '-7.3779730000'),
(1091, 137, 3, '0.0000250000'),
(1092, 137, 4, '0.0000230000'),
(1093, 137, 5, '27.9100000000'),
(1094, 137, 6, '0.1700000000'),
(1095, 137, 7, '26.1400000000'),
(1096, 137, 8, '0.1700000000'),
(1097, 138, 1, '82.9568250000'),
(1098, 138, 2, '-7.3765070000'),
(1099, 138, 3, '0.0000620000'),
(1100, 138, 4, '0.0000480000'),
(1101, 138, 5, '23.4900000000'),
(1102, 138, 6, '0.0200000000'),
(1103, 138, 7, '23.1600000000'),
(1104, 138, 8, '0.0400000000'),
(1105, 139, 1, '82.9796910000'),
(1106, 139, 2, '-7.3739040000'),
(1107, 139, 3, '0.0000490000'),
(1108, 139, 4, '0.0000480000'),
(1109, 139, 5, '22.1900000000'),
(1110, 139, 6, '0.0000000000'),
(1111, 139, 7, '22.3200000000'),
(1112, 139, 8, '0.0100000000'),
(1113, 140, 1, '82.9611510000'),
(1114, 140, 2, '-7.3731750000'),
(1115, 140, 3, '0.0002200000'),
(1116, 140, 4, '0.0000820000'),
(1117, 140, 5, '22.1900000000'),
(1118, 140, 6, '0.0100000000'),
(1119, 140, 7, '21.6600000000'),
(1120, 140, 8, '0.0200000000'),
(1121, 141, 1, '82.9857030000'),
(1122, 141, 2, '-7.3790020000'),
(1123, 141, 3, '0.0000260000'),
(1124, 141, 4, '0.0000240000'),
(1125, 141, 5, '27.9100000000'),
(1126, 141, 6, '0.2100000000'),
(1127, 141, 7, '25.4500000000'),
(1128, 141, 8, '0.2100000000'),
(1129, 142, 1, '82.9791260000'),
(1130, 142, 2, '-7.4024580000'),
(1131, 142, 3, '0.0000630000'),
(1132, 142, 4, '0.0000430000'),
(1133, 142, 5, '24.2700000000'),
(1134, 142, 6, '0.0400000000'),
(1135, 142, 7, '24.5000000000'),
(1136, 142, 8, '0.0900000000'),
(1137, 143, 1, '82.9632190000'),
(1138, 143, 2, '-7.3915090000'),
(1139, 143, 3, '0.0000410000'),
(1140, 143, 4, '0.0000320000'),
(1141, 143, 5, '25.5200000000'),
(1142, 143, 6, '0.0600000000'),
(1143, 143, 7, '25.1400000000'),
(1144, 143, 8, '0.1600000000'),
(1145, 144, 1, '82.9613190000'),
(1146, 144, 2, '-7.3760670000'),
(1147, 144, 3, '0.0000290000'),
(1148, 144, 4, '0.0000270000'),
(1149, 144, 5, '25.6300000000'),
(1150, 144, 6, '0.0800000000'),
(1151, 144, 7, '24.9600000000'),
(1152, 144, 8, '0.1500000000'),
(1153, 145, 1, '82.9805220000'),
(1154, 145, 2, '-7.3975960000'),
(1155, 145, 3, '0.0000770000'),
(1156, 145, 4, '0.0000440000'),
(1157, 145, 5, '23.9800000000'),
(1158, 145, 6, '0.0200000000'),
(1159, 145, 7, '23.9400000000'),
(1160, 145, 8, '0.0700000000'),
(1161, 146, 1, '82.9666370000'),
(1162, 146, 2, '-7.3933230000'),
(1163, 146, 3, '0.0000340000'),
(1164, 146, 4, '0.0000270000'),
(1165, 146, 5, '25.6500000000'),
(1166, 146, 6, '0.0500000000'),
(1167, 146, 7, '25.6100000000'),
(1168, 146, 8, '0.1500000000'),
(1169, 147, 1, '82.9772640000'),
(1170, 147, 2, '-7.3807430000'),
(1171, 147, 3, '0.0001840000'),
(1172, 147, 4, '0.0000800000'),
(1173, 147, 5, '22.0300000000'),
(1174, 147, 6, '0.0100000000'),
(1175, 147, 7, '21.8900000000'),
(1176, 147, 8, '0.0200000000'),
(1177, 148, 1, '82.9892650000'),
(1178, 148, 2, '-7.3802800000'),
(1179, 148, 3, '0.0000280000'),
(1180, 148, 4, '0.0000230000'),
(1181, 148, 5, '27.9100000000'),
(1182, 148, 6, '0.1500000000'),
(1183, 148, 7, '25.7300000000'),
(1184, 148, 8, '0.1500000000'),
(1185, 149, 1, '82.9597020000'),
(1186, 149, 2, '-7.3815420000'),
(1187, 149, 3, '0.0000450000'),
(1188, 149, 4, '0.0000420000'),
(1189, 149, 5, '23.1700000000'),
(1190, 149, 6, '0.0100000000'),
(1191, 149, 7, '23.0600000000'),
(1192, 149, 8, '0.0200000000'),
(1193, 150, 1, '82.9775240000'),
(1194, 150, 2, '-7.4009670000'),
(1195, 150, 3, '0.0000980000'),
(1196, 150, 4, '0.0000630000'),
(1197, 150, 5, '23.8700000000'),
(1198, 150, 6, '0.0300000000'),
(1199, 150, 7, '24.1600000000'),
(1200, 150, 8, '0.0800000000'),
(1201, 151, 1, '82.9765930000'),
(1202, 151, 2, '-7.3782610000'),
(1203, 151, 3, '0.0000710000'),
(1204, 151, 4, '0.0000540000'),
(1205, 151, 5, '23.8700000000'),
(1206, 151, 6, '0.0300000000'),
(1207, 151, 7, '23.3000000000'),
(1208, 151, 8, '0.0500000000'),
(1209, 152, 1, '82.9520260000'),
(1210, 152, 2, '-7.3939530000'),
(1211, 152, 3, '0.0000280000'),
(1212, 152, 4, '0.0000180000'),
(1213, 152, 5, '27.9100000000'),
(1214, 152, 6, '0.1900000000'),
(1215, 152, 7, '25.6700000000'),
(1216, 152, 8, '0.1900000000'),
(1217, 153, 1, '82.9779050000'),
(1218, 153, 2, '-7.3926860000'),
(1219, 153, 3, '0.0001220000'),
(1220, 153, 4, '0.0000460000'),
(1221, 153, 5, '23.2100000000'),
(1222, 153, 6, '0.0200000000'),
(1223, 153, 7, '22.7800000000'),
(1224, 153, 8, '0.0300000000'),
(1225, 154, 1, '82.9872280000'),
(1226, 154, 2, '-7.3960330000'),
(1227, 154, 3, '0.0000370000'),
(1228, 154, 4, '0.0000230000'),
(1229, 154, 5, '27.9100000000'),
(1230, 154, 6, '0.1900000000'),
(1231, 154, 7, '25.5900000000'),
(1232, 154, 8, '0.1900000000'),
(1233, 155, 1, '82.9677730000'),
(1234, 155, 2, '-7.3950250000'),
(1235, 155, 3, '0.0000450000'),
(1236, 155, 4, '0.0000380000'),
(1237, 155, 5, '24.8400000000'),
(1238, 155, 6, '0.0400000000'),
(1239, 155, 7, '24.5100000000'),
(1240, 155, 8, '0.0700000000'),
(1241, 156, 1, '82.9753420000'),
(1242, 156, 2, '-7.3917020000'),
(1243, 156, 3, '0.0000290000'),
(1244, 156, 4, '0.0000230000'),
(1245, 156, 5, '27.9100000000'),
(1246, 156, 6, '0.1600000000'),
(1247, 156, 7, '25.9200000000'),
(1248, 156, 8, '0.1600000000'),
(1249, 157, 1, '82.9689640000'),
(1250, 157, 2, '-7.3974560000'),
(1251, 157, 3, '0.0000250000'),
(1252, 157, 4, '0.0000250000'),
(1253, 157, 5, '27.9100000000'),
(1254, 157, 6, '0.2100000000'),
(1255, 157, 7, '25.9400000000'),
(1256, 157, 8, '0.2100000000'),
(1257, 158, 1, '82.9649960000'),
(1258, 158, 2, '-7.3742500000'),
(1259, 158, 3, '0.0000380000'),
(1260, 158, 4, '0.0000230000'),
(1261, 158, 5, '25.4600000000'),
(1262, 158, 6, '0.0800000000'),
(1263, 158, 7, '25.0300000000'),
(1264, 158, 8, '0.1400000000'),
(1265, 159, 1, '82.9543690000'),
(1266, 159, 2, '-7.3731710000'),
(1267, 159, 3, '0.0000750000'),
(1268, 159, 4, '0.0000490000'),
(1269, 159, 5, '24.1000000000'),
(1270, 159, 6, '0.0400000000'),
(1271, 159, 7, '24.2400000000'),
(1272, 159, 8, '0.0700000000'),
(1273, 160, 1, '82.9850620000'),
(1274, 160, 2, '-7.3892430000'),
(1275, 160, 3, '0.0000580000'),
(1276, 160, 4, '0.0000470000'),
(1277, 160, 5, '24.1900000000'),
(1278, 160, 6, '0.0400000000'),
(1279, 160, 7, '24.1300000000'),
(1280, 160, 8, '0.0800000000'),
(1281, 161, 1, '82.9774780000'),
(1282, 161, 2, '-7.3935460000'),
(1283, 161, 3, '0.0000920000'),
(1284, 161, 4, '0.0000770000'),
(1285, 161, 5, '22.1400000000'),
(1286, 161, 6, '0.0100000000'),
(1287, 161, 7, '21.8500000000'),
(1288, 161, 8, '0.0100000000'),
(1289, 162, 1, '82.9641570000'),
(1290, 162, 2, '-7.3975090000'),
(1291, 162, 3, '0.0000280000'),
(1292, 162, 4, '0.0000240000'),
(1293, 162, 5, '26.1700000000'),
(1294, 162, 6, '0.0700000000'),
(1295, 162, 7, '26.8500000000'),
(1296, 162, 8, '0.0700000000'),
(1297, 163, 1, '82.9581450000'),
(1298, 163, 2, '-7.3932210000'),
(1299, 163, 3, '0.0000320000'),
(1300, 163, 4, '0.0000250000'),
(1301, 163, 5, '27.9100000000'),
(1302, 163, 6, '0.1200000000'),
(1303, 163, 7, '25.5400000000'),
(1304, 163, 8, '0.1200000000'),
(1305, 164, 1, '82.9508290000'),
(1306, 164, 2, '-7.3940540000'),
(1307, 164, 3, '0.0000450000'),
(1308, 164, 4, '0.0000270000'),
(1309, 164, 5, '25.2500000000'),
(1310, 164, 6, '0.0700000000'),
(1311, 164, 7, '23.7700000000'),
(1312, 164, 8, '342.6500000000'),
(1313, 165, 1, '82.9513240000'),
(1314, 165, 2, '-7.4014200000'),
(1315, 165, 3, '0.0001660000'),
(1316, 165, 4, '0.0000460000'),
(1317, 165, 5, '22.5200000000'),
(1318, 165, 6, '0.0800000000'),
(1319, 165, 7, '26.8500000000'),
(1320, 165, 8, '0.0800000000'),
(1321, 166, 1, '82.9599080000'),
(1322, 166, 2, '-7.3948690000'),
(1323, 166, 3, '0.0000970000'),
(1324, 166, 4, '0.0000470000'),
(1325, 166, 5, '23.4000000000'),
(1326, 166, 6, '0.1400000000'),
(1327, 166, 7, '22.6100000000'),
(1328, 166, 8, '0.1800000000'),
(1329, 167, 1, '82.9872890000'),
(1330, 167, 2, '-7.3826350000'),
(1331, 167, 3, '0.0000590000'),
(1332, 167, 4, '0.0000490000'),
(1333, 167, 5, '23.7800000000'),
(1334, 167, 6, '0.0300000000'),
(1335, 167, 7, '22.5700000000'),
(1336, 167, 8, '0.0300000000'),
(1337, 168, 1, '82.9879990000'),
(1338, 168, 2, '-7.3787250000'),
(1339, 168, 3, '0.0000380000'),
(1340, 168, 4, '0.0000170000'),
(1341, 168, 5, '27.9100000000'),
(1342, 168, 6, '0.2400000000'),
(1343, 168, 7, '25.6600000000'),
(1344, 168, 8, '0.2400000000'),
(1345, 169, 1, '82.9604720000'),
(1346, 169, 2, '-7.3966770000'),
(1347, 169, 3, '0.0000380000'),
(1348, 169, 4, '0.0000180000'),
(1349, 169, 5, '25.6900000000'),
(1350, 169, 6, '0.0900000000'),
(1351, 169, 7, '26.1400000000'),
(1352, 169, 8, '0.2100000000'),
(1353, 170, 1, '82.9798580000'),
(1354, 170, 2, '-7.3836900000'),
(1355, 170, 3, '0.0000300000'),
(1356, 170, 4, '0.0000240000'),
(1357, 170, 5, '27.9100000000'),
(1358, 170, 6, '0.2200000000'),
(1359, 170, 7, '25.7300000000'),
(1360, 170, 8, '0.2200000000'),
(1361, 171, 1, '82.9520190000'),
(1362, 171, 2, '-7.4015460000'),
(1363, 171, 3, '0.0002790000'),
(1364, 171, 4, '0.0001020000'),
(1365, 171, 5, '21.4000000000'),
(1366, 171, 6, '4.9900000000'),
(1367, 171, 7, '21.8200000000'),
(1368, 171, 8, '1.1100000000'),
(1369, 172, 1, '82.9881060000'),
(1370, 172, 2, '-7.3734200000'),
(1371, 172, 3, '0.0000320000'),
(1372, 172, 4, '0.0000250000'),
(1373, 172, 5, '27.9100000000'),
(1374, 172, 6, '0.1000000000'),
(1375, 172, 7, '25.2300000000'),
(1376, 172, 8, '0.1000000000'),
(1377, 173, 1, '82.9653400000'),
(1378, 173, 2, '-7.3703530000'),
(1379, 173, 3, '0.0000390000'),
(1380, 173, 4, '0.0000260000'),
(1381, 173, 5, '27.9100000000'),
(1382, 173, 6, '0.1600000000'),
(1383, 173, 7, '25.2200000000'),
(1384, 173, 8, '0.1600000000'),
(1385, 174, 1, '82.9790190000'),
(1386, 174, 2, '-7.3872190000'),
(1387, 174, 3, '0.0000820000'),
(1388, 174, 4, '0.0000680000'),
(1389, 174, 5, '19.6300000000'),
(1390, 174, 6, '0.0000000000'),
(1391, 174, 7, '20.0000000000'),
(1392, 174, 8, '0.0000000000'),
(1393, 175, 1, '82.9574510000'),
(1394, 175, 2, '-7.3976350000'),
(1395, 175, 3, '0.0000350000'),
(1396, 175, 4, '0.0000310000'),
(1397, 175, 5, '25.3300000000'),
(1398, 175, 6, '0.0700000000'),
(1399, 175, 7, '25.2400000000'),
(1400, 175, 8, '0.1700000000'),
(1401, 176, 1, '82.9853590000'),
(1402, 176, 2, '-7.3893410000'),
(1403, 176, 3, '0.0001720000'),
(1404, 176, 4, '0.0001020000'),
(1405, 176, 5, '22.2700000000'),
(1406, 176, 6, '0.0100000000'),
(1407, 176, 7, '22.1200000000'),
(1408, 176, 8, '0.0300000000'),
(1409, 177, 1, '82.9783940000'),
(1410, 177, 2, '-7.4029670000'),
(1411, 177, 3, '0.0000700000'),
(1412, 177, 4, '0.0000630000'),
(1413, 177, 5, '23.9700000000'),
(1414, 177, 6, '0.0300000000'),
(1415, 177, 7, '23.5100000000'),
(1416, 177, 8, '0.0600000000'),
(1417, 178, 1, '82.9639130000'),
(1418, 178, 2, '-7.3913780000'),
(1419, 178, 3, '0.0000360000'),
(1420, 178, 4, '0.0000310000'),
(1421, 178, 5, '25.2800000000'),
(1422, 178, 6, '0.0600000000'),
(1423, 178, 7, '24.8000000000'),
(1424, 178, 8, '0.0900000000'),
(1425, 179, 1, '82.9638140000'),
(1426, 179, 2, '-7.3776690000'),
(1427, 179, 3, '0.0000460000'),
(1428, 179, 4, '0.0000450000'),
(1429, 179, 5, '23.6200000000'),
(1430, 179, 6, '0.0100000000'),
(1431, 179, 7, '22.9400000000'),
(1432, 179, 8, '0.0200000000'),
(1433, 180, 1, '82.9603200000'),
(1434, 180, 2, '-7.3872310000'),
(1435, 180, 3, '0.0000410000'),
(1436, 180, 4, '0.0000220000'),
(1437, 180, 5, '25.5600000000'),
(1438, 180, 6, '0.0900000000'),
(1439, 180, 7, '24.7500000000'),
(1440, 180, 8, '0.1600000000'),
(1441, 181, 1, '82.9797670000'),
(1442, 181, 2, '-7.3812450000'),
(1443, 181, 3, '0.0000460000'),
(1444, 181, 4, '0.0000450000'),
(1445, 181, 5, '22.1400000000'),
(1446, 181, 6, '0.0000000000'),
(1447, 181, 7, '22.2900000000'),
(1448, 181, 8, '0.0100000000'),
(1449, 182, 1, '82.9683610000'),
(1450, 182, 2, '-7.3862290000'),
(1451, 182, 3, '0.0001040000'),
(1452, 182, 4, '0.0000310000'),
(1453, 182, 5, '27.9100000000'),
(1454, 182, 6, '0.1100000000'),
(1455, 182, 7, '24.0500000000'),
(1456, 182, 8, '0.1100000000'),
(1457, 183, 1, '82.9679180000'),
(1458, 183, 2, '-7.3875110000'),
(1459, 183, 3, '0.0000470000'),
(1460, 183, 4, '0.0000310000'),
(1461, 183, 5, '25.1600000000'),
(1462, 183, 6, '0.0600000000'),
(1463, 183, 7, '24.4500000000'),
(1464, 183, 8, '0.0900000000'),
(1465, 184, 1, '82.9679340000'),
(1466, 184, 2, '-7.3726950000'),
(1467, 184, 3, '0.0000710000'),
(1468, 184, 4, '0.0000290000'),
(1469, 184, 5, '24.8600000000'),
(1470, 184, 6, '0.0600000000'),
(1471, 184, 7, '24.2000000000'),
(1472, 184, 8, '0.1100000000'),
(1473, 185, 1, '82.9586790000'),
(1474, 185, 2, '-7.3708490000'),
(1475, 185, 3, '0.0000920000'),
(1476, 185, 4, '0.0000460000'),
(1477, 185, 5, '23.8700000000'),
(1478, 185, 6, '0.0200000000'),
(1479, 185, 7, '23.9100000000'),
(1480, 185, 8, '0.0700000000'),
(1481, 186, 1, '82.9883420000'),
(1482, 186, 2, '-7.3895730000'),
(1483, 186, 3, '0.0001330000'),
(1484, 186, 4, '0.0000390000'),
(1485, 186, 5, '27.9100000000'),
(1486, 186, 6, '0.1100000000'),
(1487, 186, 7, '23.7500000000'),
(1488, 186, 8, '0.1100000000'),
(1489, 187, 1, '82.9789730000'),
(1490, 187, 2, '-7.3767820000'),
(1491, 187, 3, '0.0000590000'),
(1492, 187, 4, '0.0000570000'),
(1493, 187, 5, '22.0000000000'),
(1494, 187, 6, '0.0000000000'),
(1495, 187, 7, '21.2800000000'),
(1496, 187, 8, '0.0100000000'),
(1497, 188, 1, '82.9545670000'),
(1498, 188, 2, '-7.3736700000'),
(1499, 188, 3, '0.0000590000'),
(1500, 188, 4, '0.0000260000'),
(1501, 188, 5, '27.9100000000'),
(1502, 188, 6, '0.1600000000'),
(1503, 188, 7, '24.9700000000'),
(1504, 188, 8, '0.1600000000'),
(1505, 189, 1, '82.9535680000'),
(1506, 189, 2, '-7.3969280000'),
(1507, 189, 3, '0.0000330000'),
(1508, 189, 4, '0.0000310000'),
(1509, 189, 5, '25.6100000000'),
(1510, 189, 6, '0.0500000000'),
(1511, 189, 7, '25.8500000000'),
(1512, 189, 8, '0.2100000000'),
(1513, 190, 1, '82.9556270000'),
(1514, 190, 2, '-7.3985000000'),
(1515, 190, 3, '0.0000670000'),
(1516, 190, 4, '0.0000400000'),
(1517, 190, 5, '24.4300000000'),
(1518, 190, 6, '0.0500000000'),
(1519, 190, 7, '24.0200000000'),
(1520, 190, 8, '0.0800000000'),
(1521, 191, 1, '82.9590230000'),
(1522, 191, 2, '-7.3974520000'),
(1523, 191, 3, '0.0000340000'),
(1524, 191, 4, '0.0000260000'),
(1525, 191, 5, '25.8200000000'),
(1526, 191, 6, '0.0600000000'),
(1527, 191, 7, '25.7300000000'),
(1528, 191, 8, '0.1400000000'),
(1529, 192, 1, '82.9603960000'),
(1530, 192, 2, '-7.3839890000'),
(1531, 192, 3, '0.0000330000'),
(1532, 192, 4, '0.0000170000'),
(1533, 192, 5, '25.3700000000'),
(1534, 192, 6, '0.0700000000'),
(1535, 192, 7, '24.3700000000'),
(1536, 192, 8, '0.1000000000'),
(1537, 193, 1, '82.9662020000'),
(1538, 193, 2, '-7.3858850000'),
(1539, 193, 3, '0.0001740000'),
(1540, 193, 4, '0.0000280000'),
(1541, 193, 5, '27.9100000000'),
(1542, 193, 6, '0.0700000000'),
(1543, 193, 7, '23.2700000000'),
(1544, 193, 8, '0.0700000000'),
(1545, 194, 1, '82.9603200000'),
(1546, 194, 2, '-7.3850560000'),
(1547, 194, 3, '0.0000590000'),
(1548, 194, 4, '0.0000410000'),
(1549, 194, 5, '24.5700000000'),
(1550, 194, 6, '0.0400000000'),
(1551, 194, 7, '24.3800000000'),
(1552, 194, 8, '0.0900000000'),
(1553, 195, 1, '82.9758990000'),
(1554, 195, 2, '-7.3721400000'),
(1555, 195, 3, '0.0000260000'),
(1556, 195, 4, '0.0000240000'),
(1557, 195, 5, '26.0900000000'),
(1558, 195, 6, '0.1000000000'),
(1559, 195, 7, '25.3000000000'),
(1560, 195, 8, '0.1200000000'),
(1561, 196, 1, '82.9645080000'),
(1562, 196, 2, '-7.3877500000'),
(1563, 196, 3, '0.0000540000'),
(1564, 196, 4, '0.0000410000'),
(1565, 196, 5, '24.1700000000'),
(1566, 196, 6, '0.0400000000'),
(1567, 196, 7, '23.6700000000'),
(1568, 196, 8, '0.0800000000'),
(1569, 197, 1, '82.9623410000'),
(1570, 197, 2, '-7.3820750000'),
(1571, 197, 3, '0.0000500000'),
(1572, 197, 4, '0.0000480000'),
(1573, 197, 5, '23.8000000000'),
(1574, 197, 6, '0.0200000000'),
(1575, 197, 7, '22.6600000000'),
(1576, 197, 8, '0.0200000000'),
(1577, 198, 1, '82.9580000000'),
(1578, 198, 2, '-7.3751480000'),
(1579, 198, 3, '0.0000410000'),
(1580, 198, 4, '0.0000320000'),
(1581, 198, 5, '25.3600000000'),
(1582, 198, 6, '0.0500000000'),
(1583, 198, 7, '25.5700000000'),
(1584, 198, 8, '0.1600000000'),
(1585, 199, 1, '82.9525450000'),
(1586, 199, 2, '-7.4011120000'),
(1587, 199, 3, '0.0000560000'),
(1588, 199, 4, '0.0000260000'),
(1589, 199, 5, '27.9100000000'),
(1590, 199, 6, '0.1100000000'),
(1591, 199, 7, '24.0300000000'),
(1592, 199, 8, '0.1100000000'),
(1593, 200, 1, '82.9836040000'),
(1594, 200, 2, '-7.3915620000'),
(1595, 200, 3, '0.0001300000'),
(1596, 200, 4, '0.0001160000'),
(1597, 200, 5, '20.6500000000'),
(1598, 200, 6, '0.0000000000'),
(1599, 200, 7, '20.4300000000'),
(1600, 200, 8, '0.0100000000'),
(1601, 201, 1, '82.9619600000'),
(1602, 201, 2, '-7.3901720000'),
(1603, 201, 3, '0.0000610000'),
(1604, 201, 4, '0.0000480000'),
(1605, 201, 5, '22.7600000000'),
(1606, 201, 6, '0.0100000000'),
(1607, 201, 7, '22.6400000000'),
(1608, 201, 8, '0.0600000000'),
(1609, 202, 1, '82.9529800000'),
(1610, 202, 2, '-7.3900040000'),
(1611, 202, 3, '0.0000560000'),
(1612, 202, 4, '0.0000540000'),
(1613, 202, 5, '22.0200000000'),
(1614, 202, 6, '0.0000000000'),
(1615, 202, 7, '21.8700000000'),
(1616, 202, 8, '0.0100000000'),
(1617, 203, 1, '82.9791950000'),
(1618, 203, 2, '-7.3999910000'),
(1619, 203, 3, '0.0000500000'),
(1620, 203, 4, '0.0000310000'),
(1621, 203, 5, '25.0900000000'),
(1622, 203, 6, '0.0500000000'),
(1623, 203, 7, '24.7000000000'),
(1624, 203, 8, '0.0900000000'),
(1625, 204, 1, '82.9651950000'),
(1626, 204, 2, '-7.3896010000'),
(1627, 204, 3, '0.0000970000'),
(1628, 204, 4, '0.0000550000'),
(1629, 204, 5, '23.6900000000'),
(1630, 204, 6, '0.0300000000'),
(1631, 204, 7, '22.8800000000'),
(1632, 204, 8, '0.0300000000'),
(1633, 205, 1, '82.9689410000'),
(1634, 205, 2, '-7.3856340000'),
(1635, 205, 3, '0.0000350000'),
(1636, 205, 4, '0.0000260000'),
(1637, 205, 5, '25.3900000000'),
(1638, 205, 6, '0.0800000000'),
(1639, 205, 7, '26.0600000000'),
(1640, 205, 8, '0.1700000000'),
(1641, 206, 1, '82.9816740000'),
(1642, 206, 2, '-7.3952350000'),
(1643, 206, 3, '0.0000430000'),
(1644, 206, 4, '0.0000370000'),
(1645, 206, 5, '24.7600000000'),
(1646, 206, 6, '0.0400000000'),
(1647, 206, 7, '24.6800000000'),
(1648, 206, 8, '0.0800000000'),
(1649, 207, 1, '82.9666820000'),
(1650, 207, 2, '-7.3804090000'),
(1651, 207, 3, '0.0000570000'),
(1652, 207, 4, '0.0000440000'),
(1653, 207, 5, '24.2700000000'),
(1654, 207, 6, '0.0400000000'),
(1655, 207, 7, '23.7300000000'),
(1656, 207, 8, '0.0600000000'),
(1657, 208, 1, '82.9659730000'),
(1658, 208, 2, '-7.3837920000'),
(1659, 208, 3, '0.0000860000'),
(1660, 208, 4, '0.0000690000'),
(1661, 208, 5, '19.2000000000'),
(1662, 208, 6, '0.0000000000'),
(1663, 208, 7, '19.3200000000'),
(1664, 208, 8, '0.0000000000'),
(1665, 209, 1, '82.9818040000'),
(1666, 209, 2, '-7.3925290000'),
(1667, 209, 3, '0.0000250000'),
(1668, 209, 4, '0.0000230000'),
(1669, 209, 5, '27.9100000000'),
(1670, 209, 6, '0.1700000000'),
(1671, 209, 7, '26.0900000000'),
(1672, 209, 8, '0.1700000000'),
(1673, 210, 1, '82.9717250000'),
(1674, 210, 2, '-7.4005380000'),
(1675, 210, 3, '0.0000410000'),
(1676, 210, 4, '0.0000360000'),
(1677, 210, 5, '25.0900000000'),
(1678, 210, 6, '0.0500000000'),
(1679, 210, 7, '24.7400000000'),
(1680, 210, 8, '0.1200000000'),
(1681, 211, 1, '82.9805070000'),
(1682, 211, 2, '-7.3838740000'),
(1683, 211, 3, '0.0000420000'),
(1684, 211, 4, '0.0000240000'),
(1685, 211, 5, '25.4500000000'),
(1686, 211, 6, '0.0700000000'),
(1687, 211, 7, '25.4100000000'),
(1688, 211, 8, '0.1500000000'),
(1689, 212, 1, '82.9553150000'),
(1690, 212, 2, '-7.3699220000'),
(1691, 212, 3, '0.0000420000'),
(1692, 212, 4, '0.0000360000'),
(1693, 212, 5, '25.0600000000'),
(1694, 212, 6, '0.0600000000'),
(1695, 212, 7, '23.4900000000'),
(1696, 212, 8, '0.0800000000'),
(1697, 213, 1, '82.9883880000'),
(1698, 213, 2, '-7.3766410000'),
(1699, 213, 3, '0.0000410000'),
(1700, 213, 4, '0.0000270000');
INSERT INTO `ds9s_galaxyfeatures` (`id`, `galaxy_id`, `galaxyfields_id`, `value`) VALUES
(1701, 213, 5, '27.9100000000'),
(1702, 213, 6, '0.1400000000'),
(1703, 213, 7, '25.2400000000'),
(1704, 213, 8, '0.1400000000'),
(1705, 214, 1, '82.9513020000'),
(1706, 214, 2, '-7.3999000000'),
(1707, 214, 3, '0.0000500000'),
(1708, 214, 4, '0.0000300000'),
(1709, 214, 5, '25.0700000000'),
(1710, 214, 6, '0.0700000000'),
(1711, 214, 7, '24.7800000000'),
(1712, 214, 8, '0.1300000000'),
(1713, 215, 1, '82.9816210000'),
(1714, 215, 2, '-7.3754310000'),
(1715, 215, 3, '0.0000410000'),
(1716, 215, 4, '0.0000280000'),
(1717, 215, 5, '27.9100000000'),
(1718, 215, 6, '0.1400000000'),
(1719, 215, 7, '25.1700000000'),
(1720, 215, 8, '0.1400000000'),
(1721, 216, 1, '82.9663770000'),
(1722, 216, 2, '-7.3982780000'),
(1723, 216, 3, '0.0000490000'),
(1724, 216, 4, '0.0000420000'),
(1725, 216, 5, '24.5600000000'),
(1726, 216, 6, '0.0400000000'),
(1727, 216, 7, '24.0100000000'),
(1728, 216, 8, '0.0600000000'),
(1729, 217, 1, '82.9848180000'),
(1730, 217, 2, '-7.3751660000'),
(1731, 217, 3, '0.0000330000'),
(1732, 217, 4, '0.0000260000'),
(1733, 217, 5, '25.6400000000'),
(1734, 217, 6, '0.0700000000'),
(1735, 217, 7, '25.6000000000'),
(1736, 217, 8, '0.2400000000'),
(1737, 218, 1, '82.9732820000'),
(1738, 218, 2, '-7.3941330000'),
(1739, 218, 3, '0.0000750000'),
(1740, 218, 4, '0.0000470000'),
(1741, 218, 5, '23.9700000000'),
(1742, 218, 6, '0.0200000000'),
(1743, 218, 7, '23.7700000000'),
(1744, 218, 8, '0.0600000000'),
(1745, 219, 1, '82.9870830000'),
(1746, 219, 2, '-7.3827860000'),
(1747, 219, 3, '0.0000820000'),
(1748, 219, 4, '0.0000490000'),
(1749, 219, 5, '23.6400000000'),
(1750, 219, 6, '0.0300000000'),
(1751, 219, 7, '26.8500000000'),
(1752, 219, 8, '0.0300000000'),
(1753, 220, 1, '82.9602360000'),
(1754, 220, 2, '-7.3854990000'),
(1755, 220, 3, '0.0000490000'),
(1756, 220, 4, '0.0000300000'),
(1757, 220, 5, '25.1100000000'),
(1758, 220, 6, '0.0500000000'),
(1759, 220, 7, '24.4300000000'),
(1760, 220, 8, '0.0800000000'),
(1761, 221, 1, '82.9636150000'),
(1762, 221, 2, '-7.3804960000'),
(1763, 221, 3, '0.0000610000'),
(1764, 221, 4, '0.0000540000'),
(1765, 221, 5, '21.0500000000'),
(1766, 221, 6, '0.0000000000'),
(1767, 221, 7, '21.2200000000'),
(1768, 221, 8, '0.0100000000'),
(1769, 222, 1, '82.9796140000'),
(1770, 222, 2, '-7.3843440000'),
(1771, 222, 3, '0.0000720000'),
(1772, 222, 4, '0.0000410000'),
(1773, 222, 5, '24.5200000000'),
(1774, 222, 6, '0.0400000000'),
(1775, 222, 7, '23.9000000000'),
(1776, 222, 8, '0.0700000000'),
(1777, 223, 1, '82.9641110000'),
(1778, 223, 2, '-7.3693490000'),
(1779, 223, 3, '0.0000330000'),
(1780, 223, 4, '0.0000240000'),
(1781, 223, 5, '27.9100000000'),
(1782, 223, 6, '0.1400000000'),
(1783, 223, 7, '25.6500000000'),
(1784, 223, 8, '0.1400000000'),
(1785, 224, 1, '82.9730760000'),
(1786, 224, 2, '-7.3928620000'),
(1787, 224, 3, '0.0000710000'),
(1788, 224, 4, '0.0000610000'),
(1789, 224, 5, '22.8900000000'),
(1790, 224, 6, '0.0200000000'),
(1791, 224, 7, '22.0400000000'),
(1792, 224, 8, '0.0300000000'),
(1793, 225, 1, '82.9797060000'),
(1794, 225, 2, '-7.3881860000'),
(1795, 225, 3, '0.0000870000'),
(1796, 225, 4, '0.0000840000'),
(1797, 225, 5, '18.9500000000'),
(1798, 225, 6, '0.0000000000'),
(1799, 225, 7, '18.6900000000'),
(1800, 225, 8, '0.0000000000'),
(1801, 226, 1, '82.9811630000'),
(1802, 226, 2, '-7.3813420000'),
(1803, 226, 3, '0.0000280000'),
(1804, 226, 4, '0.0000180000'),
(1805, 226, 5, '26.1000000000'),
(1806, 226, 6, '0.1000000000'),
(1807, 226, 7, '25.3400000000'),
(1808, 226, 8, '0.1900000000'),
(1809, 227, 1, '82.9619600000'),
(1810, 227, 2, '-7.3978750000'),
(1811, 227, 3, '0.0000260000'),
(1812, 227, 4, '0.0000260000'),
(1813, 227, 5, '27.9100000000'),
(1814, 227, 6, '0.1500000000'),
(1815, 227, 7, '25.8400000000'),
(1816, 227, 8, '0.1500000000'),
(1817, 228, 1, '82.9704060000'),
(1818, 228, 2, '-7.3853020000'),
(1819, 228, 3, '0.0000430000'),
(1820, 228, 4, '0.0000300000'),
(1821, 228, 5, '25.2000000000'),
(1822, 228, 6, '0.0700000000'),
(1823, 228, 7, '24.5900000000'),
(1824, 228, 8, '0.1200000000'),
(1825, 229, 1, '82.9800570000'),
(1826, 229, 2, '-7.4032160000'),
(1827, 229, 3, '0.0000310000'),
(1828, 229, 4, '0.0000260000'),
(1829, 229, 5, '27.9100000000'),
(1830, 229, 6, '0.1800000000'),
(1831, 229, 7, '25.5500000000'),
(1832, 229, 8, '0.1800000000'),
(1833, 230, 1, '82.9850230000'),
(1834, 230, 2, '-7.4011500000'),
(1835, 230, 3, '0.0000270000'),
(1836, 230, 4, '0.0000250000'),
(1837, 230, 5, '27.9100000000'),
(1838, 230, 6, '0.1600000000'),
(1839, 230, 7, '25.9100000000'),
(1840, 230, 8, '0.1600000000'),
(1841, 231, 1, '82.9658050000'),
(1842, 231, 2, '-7.3770290000'),
(1843, 231, 3, '0.0000690000'),
(1844, 231, 4, '0.0000400000'),
(1845, 231, 5, '27.9100000000'),
(1846, 231, 6, '0.1200000000'),
(1847, 231, 7, '24.3900000000'),
(1848, 231, 8, '0.1200000000'),
(1849, 232, 1, '82.9526370000'),
(1850, 232, 2, '-7.3927950000'),
(1851, 232, 3, '0.0000360000'),
(1852, 232, 4, '0.0000140000'),
(1853, 232, 5, '25.8300000000'),
(1854, 232, 6, '0.0900000000'),
(1855, 232, 7, '24.6200000000'),
(1856, 232, 8, '0.1300000000'),
(1857, 233, 1, '82.9590680000'),
(1858, 233, 2, '-7.3945470000'),
(1859, 233, 3, '0.0000590000'),
(1860, 233, 4, '0.0000320000'),
(1861, 233, 5, '24.9200000000'),
(1862, 233, 6, '0.0600000000'),
(1863, 233, 7, '24.6300000000'),
(1864, 233, 8, '0.1400000000'),
(1865, 234, 1, '82.9849010000'),
(1866, 234, 2, '-7.3928550000'),
(1867, 234, 3, '0.0000350000'),
(1868, 234, 4, '0.0000330000'),
(1869, 234, 5, '25.5100000000'),
(1870, 234, 6, '0.0500000000'),
(1871, 234, 7, '25.0500000000'),
(1872, 234, 8, '0.1700000000'),
(1873, 235, 1, '82.9691390000'),
(1874, 235, 2, '-7.3948220000'),
(1875, 235, 3, '0.0000660000'),
(1876, 235, 4, '0.0000420000'),
(1877, 235, 5, '23.9600000000'),
(1878, 235, 6, '0.0300000000'),
(1879, 235, 7, '24.4800000000'),
(1880, 235, 8, '0.0900000000'),
(1881, 236, 1, '82.9703670000'),
(1882, 236, 2, '-7.3884730000'),
(1883, 236, 3, '0.0000390000'),
(1884, 236, 4, '0.0000290000'),
(1885, 236, 5, '24.9400000000'),
(1886, 236, 6, '0.0600000000'),
(1887, 236, 7, '26.8500000000'),
(1888, 236, 8, '0.0600000000'),
(1889, 237, 1, '82.9531400000'),
(1890, 237, 2, '-7.3871580000'),
(1891, 237, 3, '0.0000310000'),
(1892, 237, 4, '0.0000180000'),
(1893, 237, 5, '26.3300000000'),
(1894, 237, 6, '0.0800000000'),
(1895, 237, 7, '25.6300000000'),
(1896, 237, 8, '0.2100000000'),
(1897, 238, 1, '82.9632420000'),
(1898, 238, 2, '-7.3738370000'),
(1899, 238, 3, '0.0000540000'),
(1900, 238, 4, '0.0000530000'),
(1901, 238, 5, '23.4600000000'),
(1902, 238, 6, '0.0100000000'),
(1903, 238, 7, '23.1100000000'),
(1904, 238, 8, '0.0300000000'),
(1905, 239, 1, '82.9833150000'),
(1906, 239, 2, '-7.3843680000'),
(1907, 239, 3, '0.0000710000'),
(1908, 239, 4, '0.0000620000'),
(1909, 239, 5, '23.3200000000'),
(1910, 239, 6, '0.0200000000'),
(1911, 239, 7, '23.2300000000'),
(1912, 239, 8, '0.0400000000'),
(1913, 240, 1, '82.9855580000'),
(1914, 240, 2, '-7.3958660000'),
(1915, 240, 3, '0.0000370000'),
(1916, 240, 4, '0.0000270000'),
(1917, 240, 5, '27.9100000000'),
(1918, 240, 6, '0.1700000000'),
(1919, 240, 7, '25.1900000000'),
(1920, 240, 8, '0.1700000000'),
(1921, 241, 1, '82.9564740000'),
(1922, 241, 2, '-7.3843050000'),
(1923, 241, 3, '0.0000310000'),
(1924, 241, 4, '0.0000220000'),
(1925, 241, 5, '27.9100000000'),
(1926, 241, 6, '0.2100000000'),
(1927, 241, 7, '25.4300000000'),
(1928, 241, 8, '0.2100000000'),
(1929, 242, 1, '82.9825900000'),
(1930, 242, 2, '-7.3897690000'),
(1931, 242, 3, '0.0000400000'),
(1932, 242, 4, '0.0000260000'),
(1933, 242, 5, '27.9100000000'),
(1934, 242, 6, '0.1400000000'),
(1935, 242, 7, '25.6300000000'),
(1936, 242, 8, '0.1400000000'),
(1937, 243, 1, '82.9859090000'),
(1938, 243, 2, '-7.3773190000'),
(1939, 243, 3, '0.0000620000'),
(1940, 243, 4, '0.0000580000'),
(1941, 243, 5, '20.5800000000'),
(1942, 243, 6, '0.0000000000'),
(1943, 243, 7, '20.6500000000'),
(1944, 243, 8, '0.0100000000'),
(1945, 244, 1, '82.9631040000'),
(1946, 244, 2, '-7.4014580000'),
(1947, 244, 3, '0.0000540000'),
(1948, 244, 4, '0.0000490000'),
(1949, 244, 5, '24.2500000000'),
(1950, 244, 6, '0.0300000000'),
(1951, 244, 7, '23.3900000000'),
(1952, 244, 8, '0.0500000000'),
(1953, 245, 1, '82.9864810000'),
(1954, 245, 2, '-7.3952020000'),
(1955, 245, 3, '0.0000250000'),
(1956, 245, 4, '0.0000230000'),
(1957, 245, 5, '27.9100000000'),
(1958, 245, 6, '0.2100000000'),
(1959, 245, 7, '25.9700000000'),
(1960, 245, 8, '0.2100000000'),
(1961, 246, 1, '82.9833980000'),
(1962, 246, 2, '-7.3788930000'),
(1963, 246, 3, '0.0001430000'),
(1964, 246, 4, '0.0001010000'),
(1965, 246, 5, '20.6900000000'),
(1966, 246, 6, '0.0000000000'),
(1967, 246, 7, '20.1400000000'),
(1968, 246, 8, '0.0000000000'),
(1969, 247, 1, '82.9709470000'),
(1970, 247, 2, '-7.3880400000'),
(1971, 247, 3, '0.0000810000'),
(1972, 247, 4, '0.0000420000'),
(1973, 247, 5, '23.9300000000'),
(1974, 247, 6, '0.0200000000'),
(1975, 247, 7, '23.6900000000'),
(1976, 247, 8, '0.0400000000'),
(1977, 248, 1, '82.9676740000'),
(1978, 248, 2, '-7.3731200000'),
(1979, 248, 3, '0.0000300000'),
(1980, 248, 4, '0.0000240000'),
(1981, 248, 5, '27.9100000000'),
(1982, 248, 6, '0.2500000000'),
(1983, 248, 7, '25.8600000000'),
(1984, 248, 8, '0.2500000000'),
(1985, 249, 1, '82.9627000000'),
(1986, 249, 2, '-7.3872060000'),
(1987, 249, 3, '0.0001340000'),
(1988, 249, 4, '0.0000950000'),
(1989, 249, 5, '17.8900000000'),
(1990, 249, 6, '0.0000000000'),
(1991, 249, 7, '17.7700000000'),
(1992, 249, 8, '0.0000000000'),
(1993, 250, 1, '82.9508740000'),
(1994, 250, 2, '-7.3950920000'),
(1995, 250, 3, '0.0000460000'),
(1996, 250, 4, '0.0000420000'),
(1997, 250, 5, '24.6600000000'),
(1998, 250, 6, '0.0300000000'),
(1999, 250, 7, '24.7600000000'),
(2000, 250, 8, '0.0900000000'),
(2001, 251, 1, '82.9694370000'),
(2002, 251, 2, '-7.3864110000'),
(2003, 251, 3, '0.0000740000'),
(2004, 251, 4, '0.0000310000'),
(2005, 251, 5, '27.9100000000'),
(2006, 251, 6, '0.1100000000'),
(2007, 251, 7, '24.3900000000'),
(2008, 251, 8, '0.1100000000'),
(2009, 252, 1, '82.9662860000'),
(2010, 252, 2, '-7.3811850000'),
(2011, 252, 3, '0.0000850000'),
(2012, 252, 4, '0.0000630000'),
(2013, 252, 5, '21.1400000000'),
(2014, 252, 6, '0.0000000000'),
(2015, 252, 7, '20.9800000000'),
(2016, 252, 8, '0.0100000000'),
(2017, 253, 1, '82.9870000000'),
(2018, 253, 2, '-7.3862650000'),
(2019, 253, 3, '0.0005010000'),
(2020, 253, 4, '0.0003520000'),
(2021, 253, 5, '17.9700000000'),
(2022, 253, 6, '0.0000000000'),
(2023, 253, 7, '17.6200000000'),
(2024, 253, 8, '0.0000000000'),
(2025, 254, 1, '82.9829100000'),
(2026, 254, 2, '-7.3916860000'),
(2027, 254, 3, '0.0000410000'),
(2028, 254, 4, '0.0000370000'),
(2029, 254, 5, '24.9500000000'),
(2030, 254, 6, '0.0600000000'),
(2031, 254, 7, '24.1200000000'),
(2032, 254, 8, '0.0900000000'),
(2033, 255, 1, '82.9592060000'),
(2034, 255, 2, '-7.3952370000'),
(2035, 255, 3, '0.0000800000'),
(2036, 255, 4, '0.0000510000'),
(2037, 255, 5, '23.7700000000'),
(2038, 255, 6, '0.0300000000'),
(2039, 255, 7, '23.6000000000'),
(2040, 255, 8, '0.0700000000'),
(2041, 256, 1, '82.9790570000'),
(2042, 256, 2, '-7.4015250000'),
(2043, 256, 3, '0.0000260000'),
(2044, 256, 4, '0.0000180000'),
(2045, 256, 5, '27.9100000000'),
(2046, 256, 6, '0.2000000000'),
(2047, 256, 7, '26.3100000000'),
(2048, 256, 8, '0.2000000000'),
(2049, 257, 1, '82.9581450000'),
(2050, 257, 2, '-7.3693360000'),
(2051, 257, 3, '0.0000330000'),
(2052, 257, 4, '0.0000260000'),
(2053, 257, 5, '25.7100000000'),
(2054, 257, 6, '0.0900000000'),
(2055, 257, 7, '25.4900000000'),
(2056, 257, 8, '0.1400000000'),
(2057, 258, 1, '82.9675750000'),
(2058, 258, 2, '-7.3918270000'),
(2059, 258, 3, '0.0000500000'),
(2060, 258, 4, '0.0000480000'),
(2061, 258, 5, '23.4300000000'),
(2062, 258, 6, '0.0100000000'),
(2063, 258, 7, '23.2200000000'),
(2064, 258, 8, '0.0300000000'),
(2065, 259, 1, '82.9502490000'),
(2066, 259, 2, '-7.3976390000'),
(2067, 259, 3, '0.0000270000'),
(2068, 259, 4, '0.0000180000'),
(2069, 259, 5, '26.2900000000'),
(2070, 259, 6, '0.1200000000'),
(2071, 259, 7, '26.8500000000'),
(2072, 259, 8, '0.1200000000'),
(2073, 260, 1, '82.9762120000'),
(2074, 260, 2, '-7.3891600000'),
(2075, 260, 3, '0.0000340000'),
(2076, 260, 4, '0.0000190000'),
(2077, 260, 5, '25.8800000000'),
(2078, 260, 6, '0.0900000000'),
(2079, 260, 7, '25.0700000000'),
(2080, 260, 8, '0.1700000000'),
(2081, 261, 1, '82.9751970000'),
(2082, 261, 2, '-7.3911000000'),
(2083, 261, 3, '0.0000320000'),
(2084, 261, 4, '0.0000240000'),
(2085, 261, 5, '27.9100000000'),
(2086, 261, 6, '0.1600000000'),
(2087, 261, 7, '25.8900000000'),
(2088, 261, 8, '0.1600000000'),
(2089, 262, 1, '82.9713210000'),
(2090, 262, 2, '-7.3894730000'),
(2091, 262, 3, '0.0000450000'),
(2092, 262, 4, '0.0000390000'),
(2093, 262, 5, '24.9400000000'),
(2094, 262, 6, '0.0500000000'),
(2095, 262, 7, '24.9500000000'),
(2096, 262, 8, '0.1200000000'),
(2097, 263, 1, '82.9612430000'),
(2098, 263, 2, '-7.3998020000'),
(2099, 263, 3, '0.0001230000'),
(2100, 263, 4, '0.0000830000'),
(2101, 263, 5, '22.7500000000'),
(2102, 263, 6, '0.0100000000'),
(2103, 263, 7, '22.1600000000'),
(2104, 263, 8, '0.0200000000'),
(2105, 264, 1, '82.9592290000'),
(2106, 264, 2, '-7.3993010000'),
(2107, 264, 3, '0.0000270000'),
(2108, 264, 4, '0.0000270000'),
(2109, 264, 5, '27.9100000000'),
(2110, 264, 6, '0.1700000000'),
(2111, 264, 7, '25.4400000000'),
(2112, 264, 8, '0.1700000000'),
(2113, 265, 1, '82.9725880000'),
(2114, 265, 2, '-7.3918060000'),
(2115, 265, 3, '0.0002340000'),
(2116, 265, 4, '0.0001970000'),
(2117, 265, 5, '19.0500000000'),
(2118, 265, 6, '0.0000000000'),
(2119, 265, 7, '18.6300000000'),
(2120, 265, 8, '0.0000000000'),
(2121, 266, 1, '82.9663160000'),
(2122, 266, 2, '-7.3766870000'),
(2123, 266, 3, '0.0000360000'),
(2124, 266, 4, '0.0000310000'),
(2125, 266, 5, '25.6100000000'),
(2126, 266, 6, '0.0800000000'),
(2127, 266, 7, '25.5500000000'),
(2128, 266, 8, '0.1300000000'),
(2129, 267, 1, '82.9873280000'),
(2130, 267, 2, '-7.3730620000'),
(2131, 267, 3, '0.0000940000'),
(2132, 267, 4, '0.0000360000'),
(2133, 267, 5, '24.1000000000'),
(2134, 267, 6, '9.9900000000'),
(2135, 267, 7, '24.2200000000'),
(2136, 267, 8, '0.0900000000'),
(2137, 268, 1, '82.9869460000'),
(2138, 268, 2, '-7.3950240000'),
(2139, 268, 3, '0.0000280000'),
(2140, 268, 4, '0.0000180000'),
(2141, 268, 5, '27.9100000000'),
(2142, 268, 6, '0.1900000000'),
(2143, 268, 7, '26.2700000000'),
(2144, 268, 8, '0.1900000000'),
(2145, 269, 1, '82.9802020000'),
(2146, 269, 2, '-7.3857070000'),
(2147, 269, 3, '0.0000320000'),
(2148, 269, 4, '0.0000290000'),
(2149, 269, 5, '25.7800000000'),
(2150, 269, 6, '0.0800000000'),
(2151, 269, 7, '24.6100000000'),
(2152, 269, 8, '0.1200000000'),
(2153, 270, 1, '82.9667660000'),
(2154, 270, 2, '-7.3718070000'),
(2155, 270, 3, '0.0000710000'),
(2156, 270, 4, '0.0000340000'),
(2157, 270, 5, '24.4200000000'),
(2158, 270, 6, '0.0400000000'),
(2159, 270, 7, '23.7700000000'),
(2160, 270, 8, '0.0500000000'),
(2161, 271, 1, '82.9550090000'),
(2162, 271, 2, '-7.3869520000'),
(2163, 271, 3, '0.0000530000'),
(2164, 271, 4, '0.0000430000'),
(2165, 271, 5, '24.5600000000'),
(2166, 271, 6, '0.0400000000'),
(2167, 271, 7, '23.8000000000'),
(2168, 271, 8, '0.0800000000'),
(2169, 272, 1, '82.9862060000'),
(2170, 272, 2, '-7.3962940000'),
(2171, 272, 3, '0.0001050000'),
(2172, 272, 4, '0.0000410000'),
(2173, 272, 5, '23.4200000000'),
(2174, 272, 6, '0.0200000000'),
(2175, 272, 7, '24.4400000000'),
(2176, 272, 8, '0.0700000000'),
(2177, 273, 1, '82.9550550000'),
(2178, 273, 2, '-7.3791800000'),
(2179, 273, 3, '0.0000500000'),
(2180, 273, 4, '0.0000340000'),
(2181, 273, 5, '24.5100000000'),
(2182, 273, 6, '0.0400000000'),
(2183, 273, 7, '23.5400000000'),
(2184, 273, 8, '0.0700000000'),
(2185, 274, 1, '82.9676440000'),
(2186, 274, 2, '-7.3832610000'),
(2187, 274, 3, '0.0000270000'),
(2188, 274, 4, '0.0000230000'),
(2189, 274, 5, '27.9100000000'),
(2190, 274, 6, '0.1700000000'),
(2191, 274, 7, '25.8500000000'),
(2192, 274, 8, '0.1700000000'),
(2193, 275, 1, '82.9715880000'),
(2194, 275, 2, '-7.3830350000'),
(2195, 275, 3, '0.0000580000'),
(2196, 275, 4, '0.0000390000'),
(2197, 275, 5, '24.5000000000'),
(2198, 275, 6, '0.0400000000'),
(2199, 275, 7, '24.7100000000'),
(2200, 275, 8, '0.1100000000'),
(2201, 276, 1, '82.9769970000'),
(2202, 276, 2, '-7.3778630000'),
(2203, 276, 3, '0.0000330000'),
(2204, 276, 4, '0.0000280000'),
(2205, 276, 5, '25.7500000000'),
(2206, 276, 6, '0.0800000000'),
(2207, 276, 7, '25.8800000000'),
(2208, 276, 8, '0.1600000000'),
(2209, 277, 1, '82.9905400000'),
(2210, 277, 2, '-7.3747430000'),
(2211, 277, 3, '0.0001170000'),
(2212, 277, 4, '0.0000830000'),
(2213, 277, 5, '21.7500000000'),
(2214, 277, 6, '0.0300000000'),
(2215, 277, 7, '21.1200000000'),
(2216, 277, 8, '0.0800000000'),
(2217, 278, 1, '82.9655000000'),
(2218, 278, 2, '-7.3967610000'),
(2219, 278, 3, '0.0000780000'),
(2220, 278, 4, '0.0000500000'),
(2221, 278, 5, '24.0200000000'),
(2222, 278, 6, '0.0300000000'),
(2223, 278, 7, '23.3000000000'),
(2224, 278, 8, '0.0500000000'),
(2225, 279, 1, '82.9864880000'),
(2226, 279, 2, '-7.3901210000'),
(2227, 279, 3, '0.0001110000'),
(2228, 279, 4, '0.0000830000'),
(2229, 279, 5, '18.1600000000'),
(2230, 279, 6, '0.0000000000'),
(2231, 279, 7, '18.2000000000'),
(2232, 279, 8, '0.0000000000'),
(2233, 280, 1, '82.9582060000'),
(2234, 280, 2, '-7.4010080000'),
(2235, 280, 3, '0.0000280000'),
(2236, 280, 4, '0.0000180000'),
(2237, 280, 5, '27.9100000000'),
(2238, 280, 6, '0.2100000000'),
(2239, 280, 7, '26.1400000000'),
(2240, 280, 8, '0.2100000000'),
(2241, 281, 1, '82.9833370000'),
(2242, 281, 2, '-7.3910060000'),
(2243, 281, 3, '0.0000430000'),
(2244, 281, 4, '0.0000310000'),
(2245, 281, 5, '27.9100000000'),
(2246, 281, 6, '0.1600000000'),
(2247, 281, 7, '24.8400000000'),
(2248, 281, 8, '0.1600000000'),
(2249, 282, 1, '82.9771420000'),
(2250, 282, 2, '-7.4013680000'),
(2251, 282, 3, '0.0000250000'),
(2252, 282, 4, '0.0000230000'),
(2253, 282, 5, '27.9100000000'),
(2254, 282, 6, '0.1500000000'),
(2255, 282, 7, '26.0700000000'),
(2256, 282, 8, '0.1500000000'),
(2257, 283, 1, '82.9811170000'),
(2258, 283, 2, '-7.4013540000'),
(2259, 283, 3, '0.0000510000'),
(2260, 283, 4, '0.0000420000'),
(2261, 283, 5, '24.3500000000'),
(2262, 283, 6, '0.0300000000'),
(2263, 283, 7, '23.8100000000'),
(2264, 283, 8, '0.0400000000'),
(2265, 284, 1, '82.9865950000'),
(2266, 284, 2, '-7.3782850000'),
(2267, 284, 3, '0.0000260000'),
(2268, 284, 4, '0.0000200000'),
(2269, 284, 5, '27.9100000000'),
(2270, 284, 6, '0.2300000000'),
(2271, 284, 7, '26.0900000000'),
(2272, 284, 8, '0.2300000000'),
(2273, 285, 1, '82.9712680000'),
(2274, 285, 2, '-7.4037890000'),
(2275, 285, 3, '0.0000660000'),
(2276, 285, 4, '0.0000480000'),
(2277, 285, 5, '24.0900000000'),
(2278, 285, 6, '0.0300000000'),
(2279, 285, 7, '23.6600000000'),
(2280, 285, 8, '0.0600000000'),
(2281, 286, 1, '82.9864580000'),
(2282, 286, 2, '-7.3758340000'),
(2283, 286, 3, '0.0000700000'),
(2284, 286, 4, '0.0000400000'),
(2285, 286, 5, '24.1700000000'),
(2286, 286, 6, '0.0300000000'),
(2287, 286, 7, '24.2000000000'),
(2288, 286, 8, '0.0700000000'),
(2289, 287, 1, '82.9725650000'),
(2290, 287, 2, '-7.3943370000'),
(2291, 287, 3, '0.0000680000'),
(2292, 287, 4, '0.0000490000'),
(2293, 287, 5, '24.0300000000'),
(2294, 287, 6, '0.0300000000'),
(2295, 287, 7, '24.1800000000'),
(2296, 287, 8, '0.0700000000'),
(2297, 288, 1, '82.9649280000'),
(2298, 288, 2, '-7.3894940000'),
(2299, 288, 3, '0.0000510000'),
(2300, 288, 4, '0.0000340000'),
(2301, 288, 5, '24.9200000000'),
(2302, 288, 6, '0.0600000000'),
(2303, 288, 7, '24.8200000000'),
(2304, 288, 8, '0.1400000000'),
(2305, 289, 1, '82.9725190000'),
(2306, 289, 2, '-7.4019080000'),
(2307, 289, 3, '0.0001780000'),
(2308, 289, 4, '0.0000690000'),
(2309, 289, 5, '21.8100000000'),
(2310, 289, 6, '0.0100000000'),
(2311, 289, 7, '21.1900000000'),
(2312, 289, 8, '0.0100000000'),
(2313, 290, 1, '82.9614110000'),
(2314, 290, 2, '-7.3780510000'),
(2315, 290, 3, '0.0000650000'),
(2316, 290, 4, '0.0000440000'),
(2317, 290, 5, '24.5300000000'),
(2318, 290, 6, '0.0500000000'),
(2319, 290, 7, '24.6200000000'),
(2320, 290, 8, '0.1200000000'),
(2321, 291, 1, '82.9742130000'),
(2322, 291, 2, '-7.4008770000'),
(2323, 291, 3, '0.0000250000'),
(2324, 291, 4, '0.0000230000'),
(2325, 291, 5, '27.9100000000'),
(2326, 291, 6, '0.1600000000'),
(2327, 291, 7, '26.0800000000'),
(2328, 291, 8, '0.1600000000'),
(2329, 292, 1, '82.9525910000'),
(2330, 292, 2, '-7.3850310000'),
(2331, 292, 3, '0.0000440000'),
(2332, 292, 4, '0.0000410000'),
(2333, 292, 5, '24.3900000000'),
(2334, 292, 6, '0.0300000000'),
(2335, 292, 7, '24.2700000000'),
(2336, 292, 8, '0.0800000000'),
(2337, 293, 1, '82.9513850000'),
(2338, 293, 2, '-7.3906390000'),
(2339, 293, 3, '0.0000400000'),
(2340, 293, 4, '0.0000350000'),
(2341, 293, 5, '24.9900000000'),
(2342, 293, 6, '0.0500000000'),
(2343, 293, 7, '24.7600000000'),
(2344, 293, 8, '0.0800000000'),
(2345, 294, 1, '82.9846800000'),
(2346, 294, 2, '-7.3959900000'),
(2347, 294, 3, '0.0000920000'),
(2348, 294, 4, '0.0000560000'),
(2349, 294, 5, '23.4300000000'),
(2350, 294, 6, '0.0200000000'),
(2351, 294, 7, '23.2800000000'),
(2352, 294, 8, '0.0500000000'),
(2353, 295, 1, '82.9564740000'),
(2354, 295, 2, '-7.3968630000'),
(2355, 295, 3, '0.0000370000'),
(2356, 295, 4, '0.0000300000'),
(2357, 295, 5, '25.1100000000'),
(2358, 295, 6, '0.0500000000'),
(2359, 295, 7, '24.7600000000'),
(2360, 295, 8, '0.0900000000'),
(2361, 296, 1, '82.9756090000'),
(2362, 296, 2, '-7.3991460000'),
(2363, 296, 3, '0.0000440000'),
(2364, 296, 4, '0.0000330000'),
(2365, 296, 5, '25.2200000000'),
(2366, 296, 6, '0.0700000000'),
(2367, 296, 7, '25.2600000000'),
(2368, 296, 8, '0.1300000000'),
(2369, 297, 1, '82.9549710000'),
(2370, 297, 2, '-7.3911630000'),
(2371, 297, 3, '0.0000940000'),
(2372, 297, 4, '0.0000860000'),
(2373, 297, 5, '19.1100000000'),
(2374, 297, 6, '0.0000000000'),
(2375, 297, 7, '18.8500000000'),
(2376, 297, 8, '0.0000000000'),
(2377, 298, 1, '82.9866940000'),
(2378, 298, 2, '-7.3931050000'),
(2379, 298, 3, '0.0000470000'),
(2380, 298, 4, '0.0000300000'),
(2381, 298, 5, '24.9000000000'),
(2382, 298, 6, '0.1000000000'),
(2383, 298, 7, '25.0600000000'),
(2384, 298, 8, '0.1500000000'),
(2385, 299, 1, '82.9829860000'),
(2386, 299, 2, '-7.3843200000'),
(2387, 299, 3, '0.0000330000'),
(2388, 299, 4, '0.0000240000'),
(2389, 299, 5, '27.9100000000'),
(2390, 299, 6, '0.1900000000'),
(2391, 299, 7, '25.6500000000'),
(2392, 299, 8, '0.1900000000'),
(2393, 300, 1, '82.9842380000'),
(2394, 300, 2, '-7.3835320000'),
(2395, 300, 3, '0.0000380000'),
(2396, 300, 4, '0.0000230000'),
(2397, 300, 5, '25.6000000000'),
(2398, 300, 6, '0.0800000000'),
(2399, 300, 7, '26.8500000000'),
(2400, 300, 8, '0.0800000000'),
(2401, 301, 1, '82.9692840000'),
(2402, 301, 2, '-7.3758700000'),
(2403, 301, 3, '0.0000410000'),
(2404, 301, 4, '0.0000340000'),
(2405, 301, 5, '24.8700000000'),
(2406, 301, 6, '0.0600000000'),
(2407, 301, 7, '25.0200000000'),
(2408, 301, 8, '0.1400000000'),
(2409, 302, 1, '82.9891890000'),
(2410, 302, 2, '-7.3734680000'),
(2411, 302, 3, '0.0000690000'),
(2412, 302, 4, '0.0000580000'),
(2413, 302, 5, '23.4600000000'),
(2414, 302, 6, '0.0200000000'),
(2415, 302, 7, '23.2800000000'),
(2416, 302, 8, '0.0600000000'),
(2417, 303, 1, '82.9683380000'),
(2418, 303, 2, '-7.3761670000'),
(2419, 303, 3, '0.0000320000'),
(2420, 303, 4, '0.0000280000'),
(2421, 303, 5, '27.9100000000'),
(2422, 303, 6, '0.1400000000'),
(2423, 303, 7, '25.6500000000'),
(2424, 303, 8, '0.1400000000'),
(2425, 304, 1, '82.9881520000'),
(2426, 304, 2, '-7.3929250000'),
(2427, 304, 3, '0.0001410000'),
(2428, 304, 4, '0.0000720000'),
(2429, 304, 5, '22.5800000000'),
(2430, 304, 6, '0.0100000000'),
(2431, 304, 7, '22.7800000000'),
(2432, 304, 8, '0.0300000000'),
(2433, 305, 1, '82.9612960000'),
(2434, 305, 2, '-7.3956410000'),
(2435, 305, 3, '0.0000410000'),
(2436, 305, 4, '0.0000300000'),
(2437, 305, 5, '25.4400000000'),
(2438, 305, 6, '0.0500000000'),
(2439, 305, 7, '24.4000000000'),
(2440, 305, 8, '0.0900000000'),
(2441, 306, 1, '82.9771730000'),
(2442, 306, 2, '-7.3829160000'),
(2443, 306, 3, '0.0000560000'),
(2444, 306, 4, '0.0000430000'),
(2445, 306, 5, '24.8500000000'),
(2446, 306, 6, '0.0400000000'),
(2447, 306, 7, '24.3100000000'),
(2448, 306, 8, '0.0800000000'),
(2449, 307, 1, '82.9771350000'),
(2450, 307, 2, '-7.3929380000'),
(2451, 307, 3, '0.0000360000'),
(2452, 307, 4, '0.0000180000'),
(2453, 307, 5, '27.9100000000'),
(2454, 307, 6, '0.1500000000'),
(2455, 307, 7, '25.5700000000'),
(2456, 307, 8, '0.1500000000'),
(2457, 308, 1, '82.9872280000'),
(2458, 308, 2, '-7.3934290000'),
(2459, 308, 3, '0.0000310000'),
(2460, 308, 4, '0.0000220000'),
(2461, 308, 5, '27.9100000000'),
(2462, 308, 6, '0.1500000000'),
(2463, 308, 7, '25.8800000000'),
(2464, 308, 8, '0.1500000000'),
(2465, 309, 1, '82.9570240000'),
(2466, 309, 2, '-7.3975620000'),
(2467, 309, 3, '0.0000810000'),
(2468, 309, 4, '0.0000750000'),
(2469, 309, 5, '21.7400000000'),
(2470, 309, 6, '0.0000000000'),
(2471, 309, 7, '21.0800000000'),
(2472, 309, 8, '0.0100000000'),
(2473, 310, 1, '82.9579390000'),
(2474, 310, 2, '-7.3712960000'),
(2475, 310, 3, '0.0000450000'),
(2476, 310, 4, '0.0000340000'),
(2477, 310, 5, '27.9100000000'),
(2478, 310, 6, '0.1000000000'),
(2479, 310, 7, '25.0400000000'),
(2480, 310, 8, '0.1000000000'),
(2481, 311, 1, '82.9794460000'),
(2482, 311, 2, '-7.4037450000'),
(2483, 311, 3, '0.0000340000'),
(2484, 311, 4, '0.0000300000'),
(2485, 311, 5, '25.5800000000'),
(2486, 311, 6, '0.0700000000'),
(2487, 311, 7, '26.8500000000'),
(2488, 311, 8, '0.0700000000'),
(2489, 312, 1, '82.9817500000'),
(2490, 312, 2, '-7.4048120000'),
(2491, 312, 3, '0.0001180000'),
(2492, 312, 4, '0.0000500000'),
(2493, 312, 5, '23.0100000000'),
(2494, 312, 6, '0.0100000000'),
(2495, 312, 7, '22.7300000000'),
(2496, 312, 8, '0.0300000000'),
(2497, 313, 1, '82.9563370000'),
(2498, 313, 2, '-7.3714160000'),
(2499, 313, 3, '0.0000460000'),
(2500, 313, 4, '0.0000340000'),
(2501, 313, 5, '25.0900000000'),
(2502, 313, 6, '0.0600000000'),
(2503, 313, 7, '23.7600000000'),
(2504, 313, 8, '0.0600000000'),
(2505, 314, 1, '82.9706500000'),
(2506, 314, 2, '-7.3811440000'),
(2507, 314, 3, '0.0000440000'),
(2508, 314, 4, '0.0000210000'),
(2509, 314, 5, '27.9100000000'),
(2510, 314, 6, '0.2200000000'),
(2511, 314, 7, '25.9400000000'),
(2512, 314, 8, '0.2200000000'),
(2513, 315, 1, '82.9748920000'),
(2514, 315, 2, '-7.4016290000'),
(2515, 315, 3, '0.0000360000'),
(2516, 315, 4, '0.0000280000'),
(2517, 315, 5, '25.3500000000'),
(2518, 315, 6, '0.0600000000'),
(2519, 315, 7, '24.8600000000'),
(2520, 315, 8, '0.1100000000'),
(2521, 316, 1, '82.9764400000'),
(2522, 316, 2, '-7.3934180000'),
(2523, 316, 3, '0.0000290000'),
(2524, 316, 4, '0.0000270000'),
(2525, 316, 5, '25.6400000000'),
(2526, 316, 6, '0.0800000000'),
(2527, 316, 7, '25.4200000000'),
(2528, 316, 8, '0.1300000000'),
(2529, 317, 1, '82.9600980000'),
(2530, 317, 2, '-7.3896690000'),
(2531, 317, 3, '0.0000340000'),
(2532, 317, 4, '0.0000240000'),
(2533, 317, 5, '27.9100000000'),
(2534, 317, 6, '0.1500000000'),
(2535, 317, 7, '25.5500000000'),
(2536, 317, 8, '0.1500000000'),
(2537, 318, 1, '82.9846270000'),
(2538, 318, 2, '-7.4005820000'),
(2539, 318, 3, '0.0000320000'),
(2540, 318, 4, '0.0000190000'),
(2541, 318, 5, '27.9100000000'),
(2542, 318, 6, '0.2000000000'),
(2543, 318, 7, '25.6100000000'),
(2544, 318, 8, '0.2000000000'),
(2545, 319, 1, '82.9674910000'),
(2546, 319, 2, '-7.3985720000'),
(2547, 319, 3, '0.0000410000'),
(2548, 319, 4, '0.0000340000'),
(2549, 319, 5, '25.2300000000'),
(2550, 319, 6, '0.0600000000'),
(2551, 319, 7, '24.9200000000'),
(2552, 319, 8, '0.1100000000'),
(2553, 320, 1, '82.9687270000'),
(2554, 320, 2, '-7.3708490000'),
(2555, 320, 3, '0.0000390000'),
(2556, 320, 4, '0.0000330000'),
(2557, 320, 5, '25.1900000000'),
(2558, 320, 6, '0.0500000000'),
(2559, 320, 7, '25.0400000000'),
(2560, 320, 8, '0.1000000000'),
(2561, 321, 1, '82.9676060000'),
(2562, 321, 2, '-7.3741870000'),
(2563, 321, 3, '0.0002150000'),
(2564, 321, 4, '0.0000990000'),
(2565, 321, 5, '20.7300000000'),
(2566, 321, 6, '0.0000000000'),
(2567, 321, 7, '20.0900000000'),
(2568, 321, 8, '0.0100000000'),
(2569, 322, 1, '82.9743040000'),
(2570, 322, 2, '-7.3932050000'),
(2571, 322, 3, '0.0000360000'),
(2572, 322, 4, '0.0000280000'),
(2573, 322, 5, '25.5900000000'),
(2574, 322, 6, '0.0700000000'),
(2575, 322, 7, '25.2800000000'),
(2576, 322, 8, '0.1500000000'),
(2577, 323, 1, '82.9611510000'),
(2578, 323, 2, '-7.4029750000'),
(2579, 323, 3, '0.0000690000'),
(2580, 323, 4, '0.0000550000'),
(2581, 323, 5, '22.4000000000'),
(2582, 323, 6, '0.1100000000'),
(2583, 323, 7, '22.0400000000'),
(2584, 323, 8, '0.0700000000'),
(2585, 324, 1, '82.9711840000'),
(2586, 324, 2, '-7.3967680000'),
(2587, 324, 3, '0.0000260000'),
(2588, 324, 4, '0.0000240000'),
(2589, 324, 5, '26.0500000000'),
(2590, 324, 6, '0.1700000000'),
(2591, 324, 7, '25.9500000000'),
(2592, 324, 8, '0.2900000000'),
(2593, 325, 1, '82.9568790000'),
(2594, 325, 2, '-7.3837990000'),
(2595, 325, 3, '0.0000360000'),
(2596, 325, 4, '0.0000240000'),
(2597, 325, 5, '25.5500000000'),
(2598, 325, 6, '0.1200000000'),
(2599, 325, 7, '25.6500000000'),
(2600, 325, 8, '0.1400000000'),
(2601, 326, 1, '82.9560090000'),
(2602, 326, 2, '-7.3764750000'),
(2603, 326, 3, '0.0000310000'),
(2604, 326, 4, '0.0000180000'),
(2605, 326, 5, '27.9100000000'),
(2606, 326, 6, '0.1900000000'),
(2607, 326, 7, '25.9300000000'),
(2608, 326, 8, '0.1900000000'),
(2609, 327, 1, '82.9777600000'),
(2610, 327, 2, '-7.4036230000'),
(2611, 327, 3, '0.0000460000'),
(2612, 327, 4, '0.0000290000'),
(2613, 327, 5, '27.9100000000'),
(2614, 327, 6, '0.2100000000'),
(2615, 327, 7, '25.2800000000'),
(2616, 327, 8, '0.2100000000'),
(2617, 328, 1, '82.9631960000'),
(2618, 328, 2, '-7.4031350000'),
(2619, 328, 3, '0.0000410000'),
(2620, 328, 4, '0.0000260000'),
(2621, 328, 5, '24.9500000000'),
(2622, 328, 6, '0.1000000000'),
(2623, 328, 7, '24.4400000000'),
(2624, 328, 8, '0.1700000000'),
(2625, 329, 1, '82.9599990000'),
(2626, 329, 2, '-7.3747420000'),
(2627, 329, 3, '0.0001480000'),
(2628, 329, 4, '0.0001110000'),
(2629, 329, 5, '21.4200000000'),
(2630, 329, 6, '0.0000000000'),
(2631, 329, 7, '20.7100000000'),
(2632, 329, 8, '0.0100000000'),
(2633, 330, 1, '82.9797440000'),
(2634, 330, 2, '-7.3962080000'),
(2635, 330, 3, '0.0000470000'),
(2636, 330, 4, '0.0000350000'),
(2637, 330, 5, '24.7400000000'),
(2638, 330, 6, '0.0400000000'),
(2639, 330, 7, '24.6700000000'),
(2640, 330, 8, '0.0800000000'),
(2641, 331, 1, '82.9814300000'),
(2642, 331, 2, '-7.3982850000'),
(2643, 331, 3, '0.0000260000'),
(2644, 331, 4, '0.0000180000'),
(2645, 331, 5, '27.9100000000'),
(2646, 331, 6, '0.1900000000'),
(2647, 331, 7, '26.3100000000'),
(2648, 331, 8, '0.1900000000'),
(2649, 332, 1, '82.9550630000'),
(2650, 332, 2, '-7.3699760000'),
(2651, 332, 3, '0.0000410000'),
(2652, 332, 4, '0.0000400000'),
(2653, 332, 5, '24.8100000000'),
(2654, 332, 6, '0.0500000000'),
(2655, 332, 7, '23.3700000000'),
(2656, 332, 8, '0.0800000000'),
(2657, 333, 1, '82.9856950000'),
(2658, 333, 2, '-7.3754460000'),
(2659, 333, 3, '0.0000470000'),
(2660, 333, 4, '0.0000450000'),
(2661, 333, 5, '23.3200000000'),
(2662, 333, 6, '0.0100000000'),
(2663, 333, 7, '22.7100000000'),
(2664, 333, 8, '0.0200000000'),
(2665, 334, 1, '82.9767840000'),
(2666, 334, 2, '-7.3973640000'),
(2667, 334, 3, '0.0000290000'),
(2668, 334, 4, '0.0000290000'),
(2669, 334, 5, '25.9200000000'),
(2670, 334, 6, '0.0600000000'),
(2671, 334, 7, '25.7100000000'),
(2672, 334, 8, '0.2100000000'),
(2673, 335, 1, '82.9756090000'),
(2674, 335, 2, '-7.3829400000'),
(2675, 335, 3, '0.0001580000'),
(2676, 335, 4, '0.0001290000'),
(2677, 335, 5, '20.8700000000'),
(2678, 335, 6, '0.0000000000'),
(2679, 335, 7, '20.5500000000'),
(2680, 335, 8, '0.0100000000'),
(2681, 336, 1, '82.9712140000'),
(2682, 336, 2, '-7.3854910000'),
(2683, 336, 3, '0.0000750000'),
(2684, 336, 4, '0.0000510000'),
(2685, 336, 5, '23.1500000000'),
(2686, 336, 6, '0.0100000000'),
(2687, 336, 7, '22.8200000000'),
(2688, 336, 8, '0.0300000000'),
(2689, 337, 1, '82.9623260000'),
(2690, 337, 2, '-7.3787640000'),
(2691, 337, 3, '0.0000640000'),
(2692, 337, 4, '0.0000590000'),
(2693, 337, 5, '21.9800000000'),
(2694, 337, 6, '0.0000000000'),
(2695, 337, 7, '21.4500000000'),
(2696, 337, 8, '0.0100000000'),
(2697, 338, 1, '82.9569470000'),
(2698, 338, 2, '-7.3711850000'),
(2699, 338, 3, '0.0000870000'),
(2700, 338, 4, '0.0000540000'),
(2701, 338, 5, '27.9100000000'),
(2702, 338, 6, '0.0800000000'),
(2703, 338, 7, '23.4500000000'),
(2704, 338, 8, '0.0800000000'),
(2705, 339, 1, '82.9684680000'),
(2706, 339, 2, '-7.3910410000'),
(2707, 339, 3, '0.0000260000'),
(2708, 339, 4, '0.0000200000'),
(2709, 339, 5, '27.9100000000'),
(2710, 339, 6, '0.2400000000'),
(2711, 339, 7, '26.1300000000'),
(2712, 339, 8, '0.2400000000'),
(2713, 340, 1, '82.9852520000'),
(2714, 340, 2, '-7.3936550000'),
(2715, 340, 3, '0.0000560000'),
(2716, 340, 4, '0.0000250000'),
(2717, 340, 5, '25.2900000000'),
(2718, 340, 6, '0.0800000000'),
(2719, 340, 7, '24.3900000000'),
(2720, 340, 8, '0.1100000000'),
(2721, 341, 1, '82.9834210000'),
(2722, 341, 2, '-7.3818010000'),
(2723, 341, 3, '0.0001290000'),
(2724, 341, 4, '0.0000730000'),
(2725, 341, 5, '23.2600000000'),
(2726, 341, 6, '0.0200000000'),
(2727, 341, 7, '22.7500000000'),
(2728, 341, 8, '0.0300000000'),
(2729, 342, 1, '82.9567030000'),
(2730, 342, 2, '-7.3769580000'),
(2731, 342, 3, '0.0000580000'),
(2732, 342, 4, '0.0000560000'),
(2733, 342, 5, '20.7400000000'),
(2734, 342, 6, '0.0000000000'),
(2735, 342, 7, '20.9100000000'),
(2736, 342, 8, '0.0100000000'),
(2737, 343, 1, '82.9577100000'),
(2738, 343, 2, '-7.3963610000'),
(2739, 343, 3, '0.0000540000'),
(2740, 343, 4, '0.0000450000'),
(2741, 343, 5, '24.6800000000'),
(2742, 343, 6, '0.0500000000'),
(2743, 343, 7, '24.1700000000'),
(2744, 343, 8, '0.1000000000'),
(2745, 344, 1, '82.9744490000'),
(2746, 344, 2, '-7.3962450000'),
(2747, 344, 3, '0.0000530000'),
(2748, 344, 4, '0.0000350000'),
(2749, 344, 5, '24.7600000000'),
(2750, 344, 6, '0.0400000000'),
(2751, 344, 7, '24.2400000000'),
(2752, 344, 8, '0.0900000000'),
(2753, 345, 1, '82.9620210000'),
(2754, 345, 2, '-7.3885200000'),
(2755, 345, 3, '0.0000600000'),
(2756, 345, 4, '0.0000400000'),
(2757, 345, 5, '24.3100000000'),
(2758, 345, 6, '0.0300000000'),
(2759, 345, 7, '24.1000000000'),
(2760, 345, 8, '0.0800000000'),
(2761, 346, 1, '82.9604030000'),
(2762, 346, 2, '-7.3880430000'),
(2763, 346, 3, '0.0000240000'),
(2764, 346, 4, '0.0000240000'),
(2765, 346, 5, '27.9100000000'),
(2766, 346, 6, '0.1800000000'),
(2767, 346, 7, '26.2000000000'),
(2768, 346, 8, '0.1800000000'),
(2769, 347, 1, '82.9872440000'),
(2770, 347, 2, '-7.3780270000'),
(2771, 347, 3, '0.0000350000'),
(2772, 347, 4, '0.0000300000'),
(2773, 347, 5, '25.4800000000'),
(2774, 347, 6, '0.0700000000'),
(2775, 347, 7, '23.8900000000'),
(2776, 347, 8, '0.0900000000'),
(2777, 348, 1, '82.9648210000'),
(2778, 348, 2, '-7.3808000000'),
(2779, 348, 3, '0.0000820000'),
(2780, 348, 4, '0.0000570000'),
(2781, 348, 5, '22.5800000000'),
(2782, 348, 6, '0.0100000000'),
(2783, 348, 7, '21.9400000000'),
(2784, 348, 8, '0.0100000000'),
(2785, 349, 1, '82.9516680000'),
(2786, 349, 2, '-7.4015460000'),
(2787, 349, 3, '0.0000370000'),
(2788, 349, 4, '0.0000300000'),
(2789, 349, 5, '27.9100000000'),
(2790, 349, 6, '3.5000000000'),
(2791, 349, 7, '23.2000000000'),
(2792, 349, 8, '3.5000000000'),
(2793, 350, 1, '82.9735640000'),
(2794, 350, 2, '-7.3868580000'),
(2795, 350, 3, '0.0000350000'),
(2796, 350, 4, '0.0000210000'),
(2797, 350, 5, '27.9100000000'),
(2798, 350, 6, '0.1800000000'),
(2799, 350, 7, '25.9900000000'),
(2800, 350, 8, '0.1800000000'),
(2801, 351, 1, '82.9596860000'),
(2802, 351, 2, '-7.3922170000'),
(2803, 351, 3, '0.0000610000'),
(2804, 351, 4, '0.0000360000'),
(2805, 351, 5, '24.5400000000'),
(2806, 351, 6, '0.0500000000'),
(2807, 351, 7, '24.1500000000'),
(2808, 351, 8, '0.0900000000'),
(2809, 352, 1, '82.9601290000'),
(2810, 352, 2, '-7.3786750000'),
(2811, 352, 3, '0.0001330000'),
(2812, 352, 4, '0.0000780000'),
(2813, 352, 5, '21.4400000000'),
(2814, 352, 6, '0.0000000000'),
(2815, 352, 7, '21.0100000000'),
(2816, 352, 8, '0.0100000000'),
(2817, 353, 1, '82.9527280000'),
(2818, 353, 2, '-7.3887750000'),
(2819, 353, 3, '0.0000600000'),
(2820, 353, 4, '0.0000400000'),
(2821, 353, 5, '24.2900000000'),
(2822, 353, 6, '0.0400000000'),
(2823, 353, 7, '24.4900000000'),
(2824, 353, 8, '0.1000000000'),
(2825, 354, 1, '82.9735790000'),
(2826, 354, 2, '-7.3961840000'),
(2827, 354, 3, '0.0000430000'),
(2828, 354, 4, '0.0000260000'),
(2829, 354, 5, '25.6200000000'),
(2830, 354, 6, '0.0900000000'),
(2831, 354, 7, '24.9200000000'),
(2832, 354, 8, '0.1000000000'),
(2833, 355, 1, '82.9644850000'),
(2834, 355, 2, '-7.3793040000'),
(2835, 355, 3, '0.0001010000'),
(2836, 355, 4, '0.0000710000'),
(2837, 355, 5, '22.1800000000'),
(2838, 355, 6, '0.0100000000'),
(2839, 355, 7, '21.3700000000'),
(2840, 355, 8, '0.0100000000'),
(2841, 356, 1, '82.9722670000'),
(2842, 356, 2, '-7.3927450000'),
(2843, 356, 3, '0.0000910000'),
(2844, 356, 4, '0.0000850000'),
(2845, 356, 5, '19.3900000000'),
(2846, 356, 6, '0.0000000000'),
(2847, 356, 7, '19.3300000000'),
(2848, 356, 8, '0.0000000000'),
(2849, 357, 1, '82.9519120000'),
(2850, 357, 2, '-7.3945770000'),
(2851, 357, 3, '0.0000350000'),
(2852, 357, 4, '0.0000170000'),
(2853, 357, 5, '26.2900000000'),
(2854, 357, 6, '0.0900000000'),
(2855, 357, 7, '26.8500000000'),
(2856, 357, 8, '0.0900000000'),
(2857, 358, 1, '82.9876560000'),
(2858, 358, 2, '-7.3837470000'),
(2859, 358, 3, '0.0000500000'),
(2860, 358, 4, '0.0000450000'),
(2861, 358, 5, '24.6200000000'),
(2862, 358, 6, '0.0500000000'),
(2863, 358, 7, '24.1100000000'),
(2864, 358, 8, '0.0600000000'),
(2865, 359, 1, '82.9644930000'),
(2866, 359, 2, '-7.3903540000'),
(2867, 359, 3, '0.0000370000'),
(2868, 359, 4, '0.0000240000'),
(2869, 359, 5, '25.5500000000'),
(2870, 359, 6, '0.0900000000'),
(2871, 359, 7, '25.2700000000'),
(2872, 359, 8, '0.2000000000'),
(2873, 360, 1, '82.9761430000'),
(2874, 360, 2, '-7.3786600000'),
(2875, 360, 3, '0.0000530000'),
(2876, 360, 4, '0.0000250000'),
(2877, 360, 5, '24.6700000000'),
(2878, 360, 6, '0.0500000000'),
(2879, 360, 7, '24.1300000000'),
(2880, 360, 8, '0.1100000000'),
(2881, 361, 1, '82.9606930000'),
(2882, 361, 2, '-7.3864760000'),
(2883, 361, 3, '0.0000350000'),
(2884, 361, 4, '0.0000310000'),
(2885, 361, 5, '25.5800000000'),
(2886, 361, 6, '0.0500000000'),
(2887, 361, 7, '25.5800000000'),
(2888, 361, 8, '0.1300000000'),
(2889, 362, 1, '82.9497910000'),
(2890, 362, 2, '-7.4002530000'),
(2891, 362, 3, '0.0000680000'),
(2892, 362, 4, '0.0000540000'),
(2893, 362, 5, '23.4300000000'),
(2894, 362, 6, '0.0200000000'),
(2895, 362, 7, '22.6600000000'),
(2896, 362, 8, '0.0300000000'),
(2897, 363, 1, '82.9600140000'),
(2898, 363, 2, '-7.4024880000'),
(2899, 363, 3, '0.0000390000'),
(2900, 363, 4, '0.0000210000'),
(2901, 363, 5, '25.5200000000'),
(2902, 363, 6, '0.0800000000'),
(2903, 363, 7, '25.0100000000'),
(2904, 363, 8, '0.1600000000'),
(2905, 364, 1, '82.9529270000'),
(2906, 364, 2, '-7.3835520000'),
(2907, 364, 3, '0.0000270000'),
(2908, 364, 4, '0.0000180000'),
(2909, 364, 5, '27.9100000000'),
(2910, 364, 6, '0.2100000000'),
(2911, 364, 7, '26.3600000000'),
(2912, 364, 8, '0.2100000000'),
(2913, 365, 1, '82.9753490000'),
(2914, 365, 2, '-7.3889960000'),
(2915, 365, 3, '0.0000310000'),
(2916, 365, 4, '0.0000240000'),
(2917, 365, 5, '27.9100000000'),
(2918, 365, 6, '0.1600000000'),
(2919, 365, 7, '25.8300000000'),
(2920, 365, 8, '0.1600000000'),
(2921, 366, 1, '82.9604190000'),
(2922, 366, 2, '-7.3749740000'),
(2923, 366, 3, '0.0001080000'),
(2924, 366, 4, '0.0000660000'),
(2925, 366, 5, '23.1900000000'),
(2926, 366, 6, '0.0200000000'),
(2927, 366, 7, '26.8500000000'),
(2928, 366, 8, '0.0200000000'),
(2929, 367, 1, '82.9838790000'),
(2930, 367, 2, '-7.3838950000'),
(2931, 367, 3, '0.0000430000'),
(2932, 367, 4, '0.0000360000'),
(2933, 367, 5, '24.8200000000'),
(2934, 367, 6, '0.0400000000'),
(2935, 367, 7, '24.1700000000'),
(2936, 367, 8, '0.0600000000'),
(2937, 368, 1, '82.9654770000'),
(2938, 368, 2, '-7.3774500000'),
(2939, 368, 3, '0.0000560000'),
(2940, 368, 4, '0.0000350000'),
(2941, 368, 5, '24.9000000000'),
(2942, 368, 6, '0.0600000000'),
(2943, 368, 7, '23.2900000000'),
(2944, 368, 8, '0.0600000000'),
(2945, 369, 1, '82.9739840000'),
(2946, 369, 2, '-7.3997970000'),
(2947, 369, 3, '0.0000780000'),
(2948, 369, 4, '0.0000330000'),
(2949, 369, 5, '24.5900000000'),
(2950, 369, 6, '0.0500000000'),
(2951, 369, 7, '24.6700000000'),
(2952, 369, 8, '0.1200000000'),
(2953, 370, 1, '82.9647370000'),
(2954, 370, 2, '-7.3846420000'),
(2955, 370, 3, '0.0001710000'),
(2956, 370, 4, '0.0000450000'),
(2957, 370, 5, '27.9100000000'),
(2958, 370, 6, '0.0600000000'),
(2959, 370, 7, '23.0500000000'),
(2960, 370, 8, '0.0600000000'),
(2961, 371, 1, '82.9711230000'),
(2962, 371, 2, '-7.3925910000'),
(2963, 371, 3, '0.0000320000'),
(2964, 371, 4, '0.0000270000'),
(2965, 371, 5, '25.7900000000'),
(2966, 371, 6, '0.0900000000'),
(2967, 371, 7, '26.8500000000'),
(2968, 371, 8, '0.0900000000'),
(2969, 372, 1, '82.9742280000'),
(2970, 372, 2, '-7.3970920000'),
(2971, 372, 3, '0.0000640000'),
(2972, 372, 4, '0.0000280000'),
(2973, 372, 5, '25.0300000000'),
(2974, 372, 6, '0.0700000000'),
(2975, 372, 7, '24.9600000000'),
(2976, 372, 8, '0.1800000000'),
(2977, 373, 1, '82.9605030000'),
(2978, 373, 2, '-7.3992360000'),
(2979, 373, 3, '0.0000340000'),
(2980, 373, 4, '0.0000250000'),
(2981, 373, 5, '27.9100000000'),
(2982, 373, 6, '0.1500000000'),
(2983, 373, 7, '25.0500000000'),
(2984, 373, 8, '0.1500000000'),
(2985, 374, 1, '82.9733120000'),
(2986, 374, 2, '-7.3932280000'),
(2987, 374, 3, '0.0000530000'),
(2988, 374, 4, '0.0000470000'),
(2989, 374, 5, '23.9800000000'),
(2990, 374, 6, '0.0300000000'),
(2991, 374, 7, '23.6100000000'),
(2992, 374, 8, '0.0600000000'),
(2993, 375, 1, '82.9566880000'),
(2994, 375, 2, '-7.3709500000'),
(2995, 375, 3, '0.0000750000'),
(2996, 375, 4, '0.0000440000'),
(2997, 375, 5, '23.6600000000'),
(2998, 375, 6, '0.0300000000'),
(2999, 375, 7, '22.1800000000'),
(3000, 375, 8, '0.0800000000'),
(3001, 376, 1, '82.9593350000'),
(3002, 376, 2, '-7.3950760000'),
(3003, 376, 3, '0.0000570000'),
(3004, 376, 4, '0.0000500000'),
(3005, 376, 5, '23.9500000000'),
(3006, 376, 6, '0.0200000000'),
(3007, 376, 7, '23.9000000000'),
(3008, 376, 8, '0.0600000000'),
(3009, 377, 1, '82.9698720000'),
(3010, 377, 2, '-7.3805630000'),
(3011, 377, 3, '0.0000250000'),
(3012, 377, 4, '0.0000230000'),
(3013, 377, 5, '27.9100000000'),
(3014, 377, 6, '0.2000000000'),
(3015, 377, 7, '26.2600000000'),
(3016, 377, 8, '0.2000000000'),
(3017, 378, 1, '82.9614260000'),
(3018, 378, 2, '-7.3915560000'),
(3019, 378, 3, '0.0000440000'),
(3020, 378, 4, '0.0000370000'),
(3021, 378, 5, '24.9000000000'),
(3022, 378, 6, '0.0400000000'),
(3023, 378, 7, '24.5900000000'),
(3024, 378, 8, '0.0700000000'),
(3025, 379, 1, '82.9782180000'),
(3026, 379, 2, '-7.4011690000'),
(3027, 379, 3, '0.0000370000'),
(3028, 379, 4, '0.0000330000'),
(3029, 379, 5, '25.4500000000'),
(3030, 379, 6, '0.0600000000'),
(3031, 379, 7, '25.7400000000'),
(3032, 379, 8, '0.1500000000'),
(3033, 380, 1, '82.9810030000'),
(3034, 380, 2, '-7.4021460000'),
(3035, 380, 3, '0.0000330000'),
(3036, 380, 4, '0.0000270000'),
(3037, 380, 5, '27.9100000000'),
(3038, 380, 6, '0.1300000000'),
(3039, 380, 7, '24.7300000000'),
(3040, 380, 8, '0.1300000000'),
(3041, 381, 1, '82.9711990000'),
(3042, 381, 2, '-7.4025580000'),
(3043, 381, 3, '0.0000860000'),
(3044, 381, 4, '0.0000670000'),
(3045, 381, 5, '23.5100000000'),
(3046, 381, 6, '0.0200000000'),
(3047, 381, 7, '26.8500000000'),
(3048, 381, 8, '0.0200000000'),
(3049, 382, 1, '82.9684600000'),
(3050, 382, 2, '-7.3936630000'),
(3051, 382, 3, '0.0000300000'),
(3052, 382, 4, '0.0000230000'),
(3053, 382, 5, '25.9200000000'),
(3054, 382, 6, '0.0900000000'),
(3055, 382, 7, '25.6200000000'),
(3056, 382, 8, '0.2100000000'),
(3057, 383, 1, '82.9757920000'),
(3058, 383, 2, '-7.3747630000'),
(3059, 383, 3, '0.0000250000'),
(3060, 383, 4, '0.0000230000'),
(3061, 383, 5, '27.9100000000'),
(3062, 383, 6, '0.1700000000'),
(3063, 383, 7, '26.0700000000'),
(3064, 383, 8, '0.1700000000'),
(3065, 384, 1, '82.9888920000'),
(3066, 384, 2, '-7.3868870000'),
(3067, 384, 3, '0.0000430000'),
(3068, 384, 4, '0.0000300000'),
(3069, 384, 5, '27.9100000000'),
(3070, 384, 6, '0.1300000000'),
(3071, 384, 7, '25.2500000000'),
(3072, 384, 8, '0.1300000000'),
(3073, 385, 1, '82.9789890000'),
(3074, 385, 2, '-7.3742930000'),
(3075, 385, 3, '0.0000360000'),
(3076, 385, 4, '0.0000230000'),
(3077, 385, 5, '25.7000000000'),
(3078, 385, 6, '0.0900000000'),
(3079, 385, 7, '26.8500000000'),
(3080, 385, 8, '0.0900000000'),
(3081, 386, 1, '82.9848790000'),
(3082, 386, 2, '-7.4051750000'),
(3083, 386, 3, '0.0000270000'),
(3084, 386, 4, '0.0000270000'),
(3085, 386, 5, '27.9100000000'),
(3086, 386, 6, '0.1500000000'),
(3087, 386, 7, '25.5500000000'),
(3088, 386, 8, '0.1500000000'),
(3089, 387, 1, '82.9795300000'),
(3090, 387, 2, '-7.3957620000'),
(3091, 387, 3, '0.0000420000'),
(3092, 387, 4, '0.0000350000'),
(3093, 387, 5, '24.6300000000'),
(3094, 387, 6, '0.1500000000'),
(3095, 387, 7, '24.1600000000'),
(3096, 387, 8, '0.0600000000'),
(3097, 388, 1, '82.9611660000'),
(3098, 388, 2, '-7.3893140000'),
(3099, 388, 3, '0.0000290000'),
(3100, 388, 4, '0.0000240000'),
(3101, 388, 5, '27.9100000000'),
(3102, 388, 6, '0.1300000000'),
(3103, 388, 7, '25.7200000000'),
(3104, 388, 8, '0.1300000000'),
(3105, 389, 1, '82.9664690000'),
(3106, 389, 2, '-7.3944470000'),
(3107, 389, 3, '0.0000530000'),
(3108, 389, 4, '0.0000190000'),
(3109, 389, 5, '25.3600000000'),
(3110, 389, 6, '0.0800000000'),
(3111, 389, 7, '24.9900000000'),
(3112, 389, 8, '0.1600000000'),
(3113, 390, 1, '82.9611740000'),
(3114, 390, 2, '-7.3805550000'),
(3115, 390, 3, '0.0001210000'),
(3116, 390, 4, '0.0000800000'),
(3117, 390, 5, '21.0600000000'),
(3118, 390, 6, '0.0000000000'),
(3119, 390, 7, '20.7700000000'),
(3120, 390, 8, '0.0100000000'),
(3121, 391, 1, '82.9755860000'),
(3122, 391, 2, '-7.3943210000'),
(3123, 391, 3, '0.0000790000'),
(3124, 391, 4, '0.0000500000'),
(3125, 391, 5, '23.5400000000'),
(3126, 391, 6, '0.0200000000'),
(3127, 391, 7, '23.1000000000'),
(3128, 391, 8, '0.0300000000'),
(3129, 392, 1, '82.9575420000'),
(3130, 392, 2, '-7.3860110000'),
(3131, 392, 3, '0.0001210000'),
(3132, 392, 4, '0.0000710000'),
(3133, 392, 5, '21.9300000000'),
(3134, 392, 6, '0.0100000000'),
(3135, 392, 7, '21.5000000000'),
(3136, 392, 8, '0.0100000000'),
(3137, 393, 1, '82.9703370000'),
(3138, 393, 2, '-7.3704480000'),
(3139, 393, 3, '0.0000260000'),
(3140, 393, 4, '0.0000200000'),
(3141, 393, 5, '27.9100000000'),
(3142, 393, 6, '0.1700000000'),
(3143, 393, 7, '26.0800000000'),
(3144, 393, 8, '0.1700000000'),
(3145, 394, 1, '82.9777600000'),
(3146, 394, 2, '-7.4046830000'),
(3147, 394, 3, '0.0000810000'),
(3148, 394, 4, '0.0000750000'),
(3149, 394, 5, '19.7100000000'),
(3150, 394, 6, '0.0000000000'),
(3151, 394, 7, '19.4700000000'),
(3152, 394, 8, '0.0000000000'),
(3153, 395, 1, '82.9896930000'),
(3154, 395, 2, '-7.3771960000'),
(3155, 395, 3, '0.0000790000'),
(3156, 395, 4, '0.0000540000'),
(3157, 395, 5, '23.5900000000'),
(3158, 395, 6, '3.8200000000'),
(3159, 395, 7, '23.0600000000'),
(3160, 395, 8, '0.1100000000'),
(3161, 396, 1, '82.9692760000'),
(3162, 396, 2, '-7.3948260000'),
(3163, 396, 3, '0.0000530000'),
(3164, 396, 4, '0.0000430000'),
(3165, 396, 5, '24.1300000000'),
(3166, 396, 6, '0.0300000000'),
(3167, 396, 7, '23.7700000000'),
(3168, 396, 8, '0.0700000000'),
(3169, 397, 1, '82.9768070000'),
(3170, 397, 2, '-7.3923080000'),
(3171, 397, 3, '0.0000420000'),
(3172, 397, 4, '0.0000390000'),
(3173, 397, 5, '24.9600000000'),
(3174, 397, 6, '0.0400000000'),
(3175, 397, 7, '24.5500000000'),
(3176, 397, 8, '0.1100000000'),
(3177, 398, 1, '82.9853670000'),
(3178, 398, 2, '-7.4017230000'),
(3179, 398, 3, '0.0000500000'),
(3180, 398, 4, '0.0000360000'),
(3181, 398, 5, '24.9800000000'),
(3182, 398, 6, '0.0600000000'),
(3183, 398, 7, '25.2100000000'),
(3184, 398, 8, '0.1900000000'),
(3185, 399, 1, '82.9589000000'),
(3186, 399, 2, '-7.3814740000'),
(3187, 399, 3, '0.0000560000'),
(3188, 399, 4, '0.0000550000'),
(3189, 399, 5, '21.9800000000'),
(3190, 399, 6, '0.0000000000'),
(3191, 399, 7, '21.7000000000'),
(3192, 399, 8, '0.0100000000'),
(3193, 400, 1, '82.9661870000'),
(3194, 400, 2, '-7.3738870000'),
(3195, 400, 3, '0.0000370000'),
(3196, 400, 4, '0.0000290000'),
(3197, 400, 5, '25.0300000000'),
(3198, 400, 6, '0.0600000000'),
(3199, 400, 7, '24.7000000000'),
(3200, 400, 8, '0.1500000000'),
(3201, 401, 1, '82.9568560000'),
(3202, 401, 2, '-7.3874530000'),
(3203, 401, 3, '0.0001040000'),
(3204, 401, 4, '0.0000680000'),
(3205, 401, 5, '23.7700000000'),
(3206, 401, 6, '0.0200000000'),
(3207, 401, 7, '23.3300000000'),
(3208, 401, 8, '0.0500000000'),
(3209, 402, 1, '82.9817050000'),
(3210, 402, 2, '-7.3731750000'),
(3211, 402, 3, '0.0000500000'),
(3212, 402, 4, '0.0000390000'),
(3213, 402, 5, '24.8900000000'),
(3214, 402, 6, '0.0500000000'),
(3215, 402, 7, '24.0800000000'),
(3216, 402, 8, '0.0800000000'),
(3217, 403, 1, '82.9720080000'),
(3218, 403, 2, '-7.3840610000'),
(3219, 403, 3, '0.0000810000'),
(3220, 403, 4, '0.0000710000'),
(3221, 403, 5, '23.2900000000'),
(3222, 403, 6, '0.0200000000'),
(3223, 403, 7, '23.0200000000'),
(3224, 403, 8, '0.0400000000'),
(3225, 404, 1, '82.9781650000'),
(3226, 404, 2, '-7.3992360000'),
(3227, 404, 3, '0.0000350000'),
(3228, 404, 4, '0.0000260000'),
(3229, 404, 5, '25.7200000000'),
(3230, 404, 6, '0.0800000000'),
(3231, 404, 7, '25.5900000000'),
(3232, 404, 8, '0.1300000000'),
(3233, 405, 1, '82.9812850000'),
(3234, 405, 2, '-7.3790870000'),
(3235, 405, 3, '0.0000640000'),
(3236, 405, 4, '0.0000540000'),
(3237, 405, 5, '23.2000000000'),
(3238, 405, 6, '0.0100000000'),
(3239, 405, 7, '22.3200000000'),
(3240, 405, 8, '0.0200000000'),
(3241, 406, 1, '82.9545060000'),
(3242, 406, 2, '-7.3960960000'),
(3243, 406, 3, '0.0000280000'),
(3244, 406, 4, '0.0000240000'),
(3245, 406, 5, '27.9100000000'),
(3246, 406, 6, '0.1500000000'),
(3247, 406, 7, '25.9200000000'),
(3248, 406, 8, '0.1500000000'),
(3249, 407, 1, '82.9543990000'),
(3250, 407, 2, '-7.3955770000'),
(3251, 407, 3, '0.0000350000'),
(3252, 407, 4, '0.0000310000'),
(3253, 407, 5, '25.4500000000'),
(3254, 407, 6, '0.0700000000'),
(3255, 407, 7, '24.8600000000'),
(3256, 407, 8, '0.1400000000'),
(3257, 408, 1, '82.9766690000'),
(3258, 408, 2, '-7.3941570000'),
(3259, 408, 3, '0.0000340000'),
(3260, 408, 4, '0.0000320000'),
(3261, 408, 5, '25.2700000000'),
(3262, 408, 6, '0.0600000000'),
(3263, 408, 7, '24.4700000000'),
(3264, 408, 8, '0.1000000000'),
(3265, 409, 1, '82.9641650000'),
(3266, 409, 2, '-7.3780600000'),
(3267, 409, 3, '0.0000560000'),
(3268, 409, 4, '0.0000530000'),
(3269, 409, 5, '24.0300000000'),
(3270, 409, 6, '0.0300000000'),
(3271, 409, 7, '23.7300000000'),
(3272, 409, 8, '0.0700000000'),
(3273, 410, 1, '82.9603420000'),
(3274, 410, 2, '-7.3786470000'),
(3275, 410, 3, '0.0000790000'),
(3276, 410, 4, '0.0000560000'),
(3277, 410, 5, '22.4800000000'),
(3278, 410, 6, '0.0100000000'),
(3279, 410, 7, '21.9600000000'),
(3280, 410, 8, '0.0100000000'),
(3281, 411, 1, '82.9621660000'),
(3282, 411, 2, '-7.3865080000'),
(3283, 411, 3, '0.0000500000'),
(3284, 411, 4, '0.0000480000'),
(3285, 411, 5, '23.5800000000'),
(3286, 411, 6, '0.0300000000'),
(3287, 411, 7, '26.8500000000'),
(3288, 411, 8, '0.0300000000'),
(3289, 412, 1, '82.9565890000'),
(3290, 412, 2, '-7.3712190000'),
(3291, 412, 3, '0.0000320000'),
(3292, 412, 4, '0.0000240000'),
(3293, 412, 5, '25.4000000000'),
(3294, 412, 6, '0.0700000000'),
(3295, 412, 7, '26.8500000000'),
(3296, 412, 8, '0.0700000000'),
(3297, 413, 1, '82.9620670000'),
(3298, 413, 2, '-7.3955740000'),
(3299, 413, 3, '0.0000510000'),
(3300, 413, 4, '0.0000250000'),
(3301, 413, 5, '25.1600000000'),
(3302, 413, 6, '0.0700000000'),
(3303, 413, 7, '25.2800000000'),
(3304, 413, 8, '0.2300000000'),
(3305, 414, 1, '82.9555970000'),
(3306, 414, 2, '-7.4017210000'),
(3307, 414, 3, '0.0000510000'),
(3308, 414, 4, '0.0000420000'),
(3309, 414, 5, '24.7900000000'),
(3310, 414, 6, '0.0500000000'),
(3311, 414, 7, '24.0000000000'),
(3312, 414, 8, '0.0700000000'),
(3313, 415, 1, '82.9866940000'),
(3314, 415, 2, '-7.3790320000'),
(3315, 415, 3, '0.0000310000'),
(3316, 415, 4, '0.0000240000'),
(3317, 415, 5, '27.9100000000'),
(3318, 415, 6, '0.1500000000'),
(3319, 415, 7, '25.8500000000'),
(3320, 415, 8, '0.1500000000'),
(3321, 416, 1, '82.9862750000'),
(3322, 416, 2, '-7.3843830000'),
(3323, 416, 3, '0.0000680000'),
(3324, 416, 4, '0.0000660000'),
(3325, 416, 5, '19.8400000000'),
(3326, 416, 6, '0.0000000000'),
(3327, 416, 7, '19.8000000000'),
(3328, 416, 8, '0.0000000000'),
(3329, 417, 1, '82.9884570000'),
(3330, 417, 2, '-7.3807330000'),
(3331, 417, 3, '0.0000610000'),
(3332, 417, 4, '0.0000490000'),
(3333, 417, 5, '23.5300000000'),
(3334, 417, 6, '0.0200000000'),
(3335, 417, 7, '22.7200000000'),
(3336, 417, 8, '0.0400000000');
INSERT INTO `ds9s_galaxyfeatures` (`id`, `galaxy_id`, `galaxyfields_id`, `value`) VALUES
(3337, 418, 1, '82.9825520000'),
(3338, 418, 2, '-7.4020000000'),
(3339, 418, 3, '0.0000310000'),
(3340, 418, 4, '0.0000300000'),
(3341, 418, 5, '25.6300000000'),
(3342, 418, 6, '0.0600000000'),
(3343, 418, 7, '24.7300000000'),
(3344, 418, 8, '0.1200000000'),
(3345, 419, 1, '82.9611210000'),
(3346, 419, 2, '-7.3848100000'),
(3347, 419, 3, '0.0000340000'),
(3348, 419, 4, '0.0000280000'),
(3349, 419, 5, '27.9100000000'),
(3350, 419, 6, '0.1300000000'),
(3351, 419, 7, '25.4200000000'),
(3352, 419, 8, '0.1300000000'),
(3353, 420, 1, '82.9844510000'),
(3354, 420, 2, '-7.4022200000'),
(3355, 420, 3, '0.0000410000'),
(3356, 420, 4, '0.0000370000'),
(3357, 420, 5, '25.0700000000'),
(3358, 420, 6, '0.0400000000'),
(3359, 420, 7, '24.8000000000'),
(3360, 420, 8, '0.1300000000'),
(3361, 421, 1, '82.9588010000'),
(3362, 421, 2, '-7.3843030000'),
(3363, 421, 3, '0.0000300000'),
(3364, 421, 4, '0.0000240000'),
(3365, 421, 5, '25.7800000000'),
(3366, 421, 6, '0.0900000000'),
(3367, 421, 7, '25.4900000000'),
(3368, 421, 8, '0.1300000000'),
(3369, 422, 1, '82.9661030000'),
(3370, 422, 2, '-7.3974900000'),
(3371, 422, 3, '0.0001130000'),
(3372, 422, 4, '0.0000960000'),
(3373, 422, 5, '21.8100000000'),
(3374, 422, 6, '0.0100000000'),
(3375, 422, 7, '21.5400000000'),
(3376, 422, 8, '0.0100000000'),
(3377, 423, 1, '82.9754870000'),
(3378, 423, 2, '-7.3856740000'),
(3379, 423, 3, '0.0000730000'),
(3380, 423, 4, '0.0000510000'),
(3381, 423, 5, '23.5800000000'),
(3382, 423, 6, '0.0200000000'),
(3383, 423, 7, '23.2700000000'),
(3384, 423, 8, '0.0400000000'),
(3385, 424, 1, '82.9650570000'),
(3386, 424, 2, '-7.3764850000'),
(3387, 424, 3, '0.0000390000'),
(3388, 424, 4, '0.0000310000'),
(3389, 424, 5, '25.4100000000'),
(3390, 424, 6, '0.0700000000'),
(3391, 424, 7, '24.9300000000'),
(3392, 424, 8, '0.1600000000'),
(3393, 425, 1, '82.9840240000'),
(3394, 425, 2, '-7.3885740000'),
(3395, 425, 3, '0.0000490000'),
(3396, 425, 4, '0.0000480000'),
(3397, 425, 5, '21.7700000000'),
(3398, 425, 6, '0.0000000000'),
(3399, 425, 7, '22.0100000000'),
(3400, 425, 8, '0.0100000000'),
(3401, 426, 1, '82.9554520000'),
(3402, 426, 2, '-7.3915600000'),
(3403, 426, 3, '0.0000700000'),
(3404, 426, 4, '0.0000660000'),
(3405, 426, 5, '20.3200000000'),
(3406, 426, 6, '0.0000000000'),
(3407, 426, 7, '20.1900000000'),
(3408, 426, 8, '0.0000000000'),
(3409, 427, 1, '82.9615400000'),
(3410, 427, 2, '-7.3828780000'),
(3411, 427, 3, '0.0000240000'),
(3412, 427, 4, '0.0000240000'),
(3413, 427, 5, '27.9100000000'),
(3414, 427, 6, '0.1800000000'),
(3415, 427, 7, '26.1700000000'),
(3416, 427, 8, '0.1800000000'),
(3417, 428, 1, '82.9855350000'),
(3418, 428, 2, '-7.3847440000'),
(3419, 428, 3, '0.0002460000'),
(3420, 428, 4, '0.0001200000'),
(3421, 428, 5, '19.2500000000'),
(3422, 428, 6, '0.0000000000'),
(3423, 428, 7, '18.8000000000'),
(3424, 428, 8, '0.0000000000'),
(3425, 429, 1, '82.9746320000'),
(3426, 429, 2, '-7.3919620000'),
(3427, 429, 3, '0.0000350000'),
(3428, 429, 4, '0.0000260000'),
(3429, 429, 5, '25.8000000000'),
(3430, 429, 6, '0.0700000000'),
(3431, 429, 7, '25.8300000000'),
(3432, 429, 8, '0.1400000000'),
(3433, 430, 1, '82.9872210000'),
(3434, 430, 2, '-7.3951820000'),
(3435, 430, 3, '0.0000390000'),
(3436, 430, 4, '0.0000290000'),
(3437, 430, 5, '27.9100000000'),
(3438, 430, 6, '0.1500000000'),
(3439, 430, 7, '25.0100000000'),
(3440, 430, 8, '0.1500000000'),
(3441, 431, 1, '82.9650570000'),
(3442, 431, 2, '-7.3807880000'),
(3443, 431, 3, '0.0000850000'),
(3444, 431, 4, '0.0000720000'),
(3445, 431, 5, '22.7900000000'),
(3446, 431, 6, '0.0200000000'),
(3447, 431, 7, '22.2100000000'),
(3448, 431, 8, '0.0200000000'),
(3449, 432, 1, '82.9624560000'),
(3450, 432, 2, '-7.3881830000'),
(3451, 432, 3, '0.0000530000'),
(3452, 432, 4, '0.0000280000'),
(3453, 432, 5, '27.9100000000'),
(3454, 432, 6, '0.1300000000'),
(3455, 432, 7, '24.6300000000'),
(3456, 432, 8, '0.1300000000'),
(3457, 433, 1, '82.9533540000'),
(3458, 433, 2, '-7.3803730000'),
(3459, 433, 3, '0.0000520000'),
(3460, 433, 4, '0.0000440000'),
(3461, 433, 5, '23.8400000000'),
(3462, 433, 6, '0.0200000000'),
(3463, 433, 7, '23.8800000000'),
(3464, 433, 8, '0.0600000000'),
(3465, 434, 1, '82.9729000000'),
(3466, 434, 2, '-7.3977620000'),
(3467, 434, 3, '0.0000250000'),
(3468, 434, 4, '0.0000230000'),
(3469, 434, 5, '27.9100000000'),
(3470, 434, 6, '0.1600000000'),
(3471, 434, 7, '26.0700000000'),
(3472, 434, 8, '0.1600000000'),
(3473, 435, 1, '82.9793010000'),
(3474, 435, 2, '-7.3921380000'),
(3475, 435, 3, '0.0001070000'),
(3476, 435, 4, '0.0000860000'),
(3477, 435, 5, '22.6700000000'),
(3478, 435, 6, '0.0100000000'),
(3479, 435, 7, '22.1200000000'),
(3480, 435, 8, '0.0200000000'),
(3481, 436, 1, '82.9813690000'),
(3482, 436, 2, '-7.3928390000'),
(3483, 436, 3, '0.0000330000'),
(3484, 436, 4, '0.0000260000'),
(3485, 436, 5, '27.9100000000'),
(3486, 436, 6, '0.2000000000'),
(3487, 436, 7, '25.5000000000'),
(3488, 436, 8, '0.2000000000'),
(3489, 437, 1, '82.9793620000'),
(3490, 437, 2, '-7.3941850000'),
(3491, 437, 3, '0.0000400000'),
(3492, 437, 4, '0.0000300000'),
(3493, 437, 5, '25.3100000000'),
(3494, 437, 6, '0.0600000000'),
(3495, 437, 7, '25.2300000000'),
(3496, 437, 8, '0.1200000000'),
(3497, 438, 1, '82.9697040000'),
(3498, 438, 2, '-7.3864430000'),
(3499, 438, 3, '0.0000990000'),
(3500, 438, 4, '0.0000290000'),
(3501, 438, 5, '27.9100000000'),
(3502, 438, 6, '0.1100000000'),
(3503, 438, 7, '24.0400000000'),
(3504, 438, 8, '0.1100000000'),
(3505, 439, 1, '82.9517440000'),
(3506, 439, 2, '-7.4012160000'),
(3507, 439, 3, '0.0000530000'),
(3508, 439, 4, '0.0000270000'),
(3509, 439, 5, '27.9100000000'),
(3510, 439, 6, '0.0800000000'),
(3511, 439, 7, '23.7900000000'),
(3512, 439, 8, '0.0800000000'),
(3513, 440, 1, '82.9708330000'),
(3514, 440, 2, '-7.3852750000'),
(3515, 440, 3, '0.0000780000'),
(3516, 440, 4, '0.0000340000'),
(3517, 440, 5, '24.0000000000'),
(3518, 440, 6, '0.0400000000'),
(3519, 440, 7, '23.4500000000'),
(3520, 440, 8, '0.0700000000'),
(3521, 441, 1, '82.9841230000'),
(3522, 441, 2, '-7.3917520000'),
(3523, 441, 3, '0.0000260000'),
(3524, 441, 4, '0.0000200000'),
(3525, 441, 5, '27.9100000000'),
(3526, 441, 6, '0.2100000000'),
(3527, 441, 7, '26.0000000000'),
(3528, 441, 8, '0.2100000000'),
(3529, 442, 1, '82.9762880000'),
(3530, 442, 2, '-7.3943210000'),
(3531, 442, 3, '0.0000440000'),
(3532, 442, 4, '0.0000370000'),
(3533, 442, 5, '24.4300000000'),
(3534, 442, 6, '0.0300000000'),
(3535, 442, 7, '24.3800000000'),
(3536, 442, 8, '0.0600000000'),
(3537, 443, 1, '82.9679640000'),
(3538, 443, 2, '-7.3789610000'),
(3539, 443, 3, '0.0000300000'),
(3540, 443, 4, '0.0000240000'),
(3541, 443, 5, '27.9100000000'),
(3542, 443, 6, '0.1800000000'),
(3543, 443, 7, '25.8100000000'),
(3544, 443, 8, '0.1800000000'),
(3545, 444, 1, '82.9581150000'),
(3546, 444, 2, '-7.3986780000'),
(3547, 444, 3, '0.0000260000'),
(3548, 444, 4, '0.0000180000'),
(3549, 444, 5, '27.9100000000'),
(3550, 444, 6, '0.2200000000'),
(3551, 444, 7, '26.3100000000'),
(3552, 444, 8, '0.2200000000'),
(3553, 445, 1, '82.9695510000'),
(3554, 445, 2, '-7.3925200000'),
(3555, 445, 3, '0.0003300000'),
(3556, 445, 4, '0.0000940000'),
(3557, 445, 5, '19.9600000000'),
(3558, 445, 6, '0.0000000000'),
(3559, 445, 7, '19.3000000000'),
(3560, 445, 8, '0.0000000000'),
(3561, 446, 1, '82.9652250000'),
(3562, 446, 2, '-7.3738190000'),
(3563, 446, 3, '0.0000410000'),
(3564, 446, 4, '0.0000260000'),
(3565, 446, 5, '25.5100000000'),
(3566, 446, 6, '0.0800000000'),
(3567, 446, 7, '24.4300000000'),
(3568, 446, 8, '0.1200000000'),
(3569, 447, 1, '82.9559400000'),
(3570, 447, 2, '-7.3978490000'),
(3571, 447, 3, '0.0000510000'),
(3572, 447, 4, '0.0000450000'),
(3573, 447, 5, '24.1400000000'),
(3574, 447, 6, '0.0200000000'),
(3575, 447, 7, '23.9400000000'),
(3576, 447, 8, '0.0500000000'),
(3577, 448, 1, '82.9678800000'),
(3578, 448, 2, '-7.3860490000'),
(3579, 448, 3, '0.0000470000'),
(3580, 448, 4, '0.0000300000'),
(3581, 448, 5, '24.9300000000'),
(3582, 448, 6, '0.0700000000'),
(3583, 448, 7, '24.3000000000'),
(3584, 448, 8, '0.1000000000'),
(3585, 449, 1, '82.9838790000'),
(3586, 449, 2, '-7.3891080000'),
(3587, 449, 3, '0.0000510000'),
(3588, 449, 4, '0.0000470000'),
(3589, 449, 5, '21.4700000000'),
(3590, 449, 6, '0.0000000000'),
(3591, 449, 7, '21.6100000000'),
(3592, 449, 8, '0.0100000000'),
(3593, 450, 1, '82.9812770000'),
(3594, 450, 2, '-7.3968820000'),
(3595, 450, 3, '0.0001170000'),
(3596, 450, 4, '0.0000650000'),
(3597, 450, 5, '23.3400000000'),
(3598, 450, 6, '0.0300000000'),
(3599, 450, 7, '22.6800000000'),
(3600, 450, 8, '0.0400000000'),
(3601, 451, 1, '82.9692760000'),
(3602, 451, 2, '-7.3948260000'),
(3603, 451, 3, '0.0000530000'),
(3604, 451, 4, '0.0000430000'),
(3605, 451, 5, '24.1300000000'),
(3606, 451, 6, '0.0300000000'),
(3607, 451, 7, '24.4800000000'),
(3608, 451, 8, '0.0900000000'),
(3609, 452, 1, '82.9688950000'),
(3610, 452, 2, '-7.3737100000'),
(3611, 452, 3, '0.0000330000'),
(3612, 452, 4, '0.0000270000'),
(3613, 452, 5, '25.5600000000'),
(3614, 452, 6, '0.0800000000'),
(3615, 452, 7, '24.2800000000'),
(3616, 452, 8, '0.1100000000'),
(3617, 453, 1, '82.9531250000'),
(3618, 453, 2, '-7.3932220000'),
(3619, 453, 3, '0.0000400000'),
(3620, 453, 4, '0.0000330000'),
(3621, 453, 5, '25.4800000000'),
(3622, 453, 6, '0.0500000000'),
(3623, 453, 7, '25.0200000000'),
(3624, 453, 8, '0.1600000000'),
(3625, 454, 1, '82.9699780000'),
(3626, 454, 2, '-7.3892300000'),
(3627, 454, 3, '0.0002070000'),
(3628, 454, 4, '0.0001480000'),
(3629, 454, 5, '19.5500000000'),
(3630, 454, 6, '0.0000000000'),
(3631, 454, 7, '19.1900000000'),
(3632, 454, 8, '0.0000000000'),
(3633, 455, 1, '82.9764330000'),
(3634, 455, 2, '-7.3764230000'),
(3635, 455, 3, '0.0000300000'),
(3636, 455, 4, '0.0000230000'),
(3637, 455, 5, '27.9100000000'),
(3638, 455, 6, '0.2200000000'),
(3639, 455, 7, '25.8100000000'),
(3640, 455, 8, '0.2200000000'),
(3641, 456, 1, '82.9747540000'),
(3642, 456, 2, '-7.3888310000'),
(3643, 456, 3, '0.0000410000'),
(3644, 456, 4, '0.0000290000'),
(3645, 456, 5, '25.5700000000'),
(3646, 456, 6, '0.0500000000'),
(3647, 456, 7, '24.8800000000'),
(3648, 456, 8, '0.1300000000'),
(3649, 457, 1, '82.9860150000'),
(3650, 457, 2, '-7.3745500000'),
(3651, 457, 3, '0.0000490000'),
(3652, 457, 4, '0.0000330000'),
(3653, 457, 5, '24.9900000000'),
(3654, 457, 6, '0.0600000000'),
(3655, 457, 7, '23.9800000000'),
(3656, 457, 8, '0.0600000000'),
(3657, 458, 1, '82.9806140000'),
(3658, 458, 2, '-7.4034790000'),
(3659, 458, 3, '0.0001170000'),
(3660, 458, 4, '0.0000600000'),
(3661, 458, 5, '21.6900000000'),
(3662, 458, 6, '0.0000000000'),
(3663, 458, 7, '21.6300000000'),
(3664, 458, 8, '0.0100000000'),
(3665, 459, 1, '82.9815290000'),
(3666, 459, 2, '-7.4060910000'),
(3667, 459, 3, '0.0001020000'),
(3668, 459, 4, '0.0000600000'),
(3669, 459, 5, '22.8800000000'),
(3670, 459, 6, '0.1100000000'),
(3671, 459, 7, '22.6300000000'),
(3672, 459, 8, '0.5400000000'),
(3673, 460, 1, '82.9686810000'),
(3674, 460, 2, '-7.3904600000'),
(3675, 460, 3, '0.0000250000'),
(3676, 460, 4, '0.0000200000'),
(3677, 460, 5, '27.9100000000'),
(3678, 460, 6, '0.2000000000'),
(3679, 460, 7, '26.3700000000'),
(3680, 460, 8, '0.2000000000'),
(3681, 461, 1, '82.9843220000'),
(3682, 461, 2, '-7.3806470000'),
(3683, 461, 3, '0.0000330000'),
(3684, 461, 4, '0.0000150000'),
(3685, 461, 5, '25.9400000000'),
(3686, 461, 6, '0.0900000000'),
(3687, 461, 7, '25.2600000000'),
(3688, 461, 8, '0.1200000000'),
(3689, 462, 1, '82.9792400000'),
(3690, 462, 2, '-7.3748390000'),
(3691, 462, 3, '0.0000280000'),
(3692, 462, 4, '0.0000180000'),
(3693, 462, 5, '25.8500000000'),
(3694, 462, 6, '0.1000000000'),
(3695, 462, 7, '25.4400000000'),
(3696, 462, 8, '0.1900000000'),
(3697, 463, 1, '82.9798200000'),
(3698, 463, 2, '-7.3792690000'),
(3699, 463, 3, '0.0000270000'),
(3700, 463, 4, '0.0000240000'),
(3701, 463, 5, '27.9100000000'),
(3702, 463, 6, '0.1300000000'),
(3703, 463, 7, '25.7800000000'),
(3704, 463, 8, '0.1300000000'),
(3705, 464, 1, '82.9843140000'),
(3706, 464, 2, '-7.3831650000'),
(3707, 464, 3, '0.0000450000'),
(3708, 464, 4, '0.0000390000'),
(3709, 464, 5, '24.3500000000'),
(3710, 464, 6, '0.0200000000'),
(3711, 464, 7, '24.0000000000'),
(3712, 464, 8, '0.0600000000'),
(3713, 465, 1, '82.9714050000'),
(3714, 465, 2, '-7.3804230000'),
(3715, 465, 3, '0.0000270000'),
(3716, 465, 4, '0.0000200000'),
(3717, 465, 5, '27.9100000000'),
(3718, 465, 6, '0.2600000000'),
(3719, 465, 7, '25.8700000000'),
(3720, 465, 8, '0.2600000000'),
(3721, 466, 1, '82.9837040000'),
(3722, 466, 2, '-7.4045800000'),
(3723, 466, 3, '0.0000340000'),
(3724, 466, 4, '0.0000240000'),
(3725, 466, 5, '25.6300000000'),
(3726, 466, 6, '0.0900000000'),
(3727, 466, 7, '26.8500000000'),
(3728, 466, 8, '0.0900000000'),
(3729, 467, 1, '82.9529950000'),
(3730, 467, 2, '-7.4014920000'),
(3731, 467, 3, '0.0001380000'),
(3732, 467, 4, '0.0000490000'),
(3733, 467, 5, '27.9100000000'),
(3734, 467, 6, '0.9100000000'),
(3735, 467, 7, '23.1200000000'),
(3736, 467, 8, '0.9100000000'),
(3737, 468, 1, '82.9833370000'),
(3738, 468, 2, '-7.3852930000'),
(3739, 468, 3, '0.0000260000'),
(3740, 468, 4, '0.0000200000'),
(3741, 468, 5, '27.9100000000'),
(3742, 468, 6, '0.2100000000'),
(3743, 468, 7, '26.2900000000'),
(3744, 468, 8, '0.2100000000'),
(3745, 469, 1, '82.9695360000'),
(3746, 469, 2, '-7.3717800000'),
(3747, 469, 3, '0.0000320000'),
(3748, 469, 4, '0.0000240000'),
(3749, 469, 5, '25.5700000000'),
(3750, 469, 6, '0.0800000000'),
(3751, 469, 7, '26.0200000000'),
(3752, 469, 8, '0.2500000000'),
(3753, 470, 1, '82.9647450000'),
(3754, 470, 2, '-7.3881620000'),
(3755, 470, 3, '0.0000950000'),
(3756, 470, 4, '0.0000590000'),
(3757, 470, 5, '22.6600000000'),
(3758, 470, 6, '0.0100000000'),
(3759, 470, 7, '22.4800000000'),
(3760, 470, 8, '0.0200000000'),
(3761, 471, 1, '82.9591900000'),
(3762, 471, 2, '-7.3864830000'),
(3763, 471, 3, '0.0000790000'),
(3764, 471, 4, '0.0000660000'),
(3765, 471, 5, '22.3200000000'),
(3766, 471, 6, '0.0100000000'),
(3767, 471, 7, '22.0100000000'),
(3768, 471, 8, '0.0100000000'),
(3769, 472, 1, '82.9802930000'),
(3770, 472, 2, '-7.3727600000'),
(3771, 472, 3, '0.0000490000'),
(3772, 472, 4, '0.0000310000'),
(3773, 472, 5, '27.9100000000'),
(3774, 472, 6, '0.1200000000'),
(3775, 472, 7, '24.2700000000'),
(3776, 472, 8, '0.1200000000'),
(3777, 473, 1, '82.9875720000'),
(3778, 473, 2, '-7.3884930000'),
(3779, 473, 3, '0.0000920000'),
(3780, 473, 4, '0.0000890000'),
(3781, 473, 5, '16.4900000000'),
(3782, 473, 6, '0.0000000000'),
(3783, 473, 7, '16.6200000000'),
(3784, 473, 8, '0.0000000000'),
(3785, 474, 1, '82.9808430000'),
(3786, 474, 2, '-7.3806900000'),
(3787, 474, 3, '0.0000290000'),
(3788, 474, 4, '0.0000170000'),
(3789, 474, 5, '27.9100000000'),
(3790, 474, 6, '0.1600000000'),
(3791, 474, 7, '26.0200000000'),
(3792, 474, 8, '0.1600000000'),
(3793, 475, 1, '82.9682540000'),
(3794, 475, 2, '-7.3740290000'),
(3795, 475, 3, '0.0000610000'),
(3796, 475, 4, '0.0000540000'),
(3797, 475, 5, '23.5600000000'),
(3798, 475, 6, '0.0200000000'),
(3799, 475, 7, '22.3600000000'),
(3800, 475, 8, '0.0200000000'),
(3801, 476, 1, '82.9751660000'),
(3802, 476, 2, '-7.3788190000'),
(3803, 476, 3, '0.0000750000'),
(3804, 476, 4, '0.0000730000'),
(3805, 476, 5, '18.1400000000'),
(3806, 476, 6, '0.0000000000'),
(3807, 476, 7, '18.6500000000'),
(3808, 476, 8, '0.0000000000'),
(3809, 477, 1, '82.9795910000'),
(3810, 477, 2, '-7.3734990000'),
(3811, 477, 3, '0.0001590000'),
(3812, 477, 4, '0.0000840000'),
(3813, 477, 5, '21.3100000000'),
(3814, 477, 6, '0.0000000000'),
(3815, 477, 7, '20.6000000000'),
(3816, 477, 8, '0.0100000000'),
(3817, 478, 1, '82.9728470000'),
(3818, 478, 2, '-7.3865150000'),
(3819, 478, 3, '0.0000700000'),
(3820, 478, 4, '0.0000440000'),
(3821, 478, 5, '24.2300000000'),
(3822, 478, 6, '0.0300000000'),
(3823, 478, 7, '23.8700000000'),
(3824, 478, 8, '0.0600000000'),
(3825, 479, 1, '82.9672160000'),
(3826, 479, 2, '-7.3867460000'),
(3827, 479, 3, '0.0000330000'),
(3828, 479, 4, '0.0000240000'),
(3829, 479, 5, '25.6100000000'),
(3830, 479, 6, '0.0900000000'),
(3831, 479, 7, '25.4800000000'),
(3832, 479, 8, '0.1300000000'),
(3833, 480, 1, '82.9700930000'),
(3834, 480, 2, '-7.3818320000'),
(3835, 480, 3, '0.0000680000'),
(3836, 480, 4, '0.0000640000'),
(3837, 480, 5, '20.5800000000'),
(3838, 480, 6, '0.0000000000'),
(3839, 480, 7, '20.7200000000'),
(3840, 480, 8, '0.0000000000'),
(3841, 481, 1, '82.9581150000'),
(3842, 481, 2, '-7.3799070000'),
(3843, 481, 3, '0.0000250000'),
(3844, 481, 4, '0.0000230000'),
(3845, 481, 5, '27.9100000000'),
(3846, 481, 6, '0.1700000000'),
(3847, 481, 7, '26.1300000000'),
(3848, 481, 8, '0.1700000000'),
(3849, 482, 1, '82.9697420000'),
(3850, 482, 2, '-7.3787520000'),
(3851, 482, 3, '0.0000680000'),
(3852, 482, 4, '0.0000670000'),
(3853, 482, 5, '19.5900000000'),
(3854, 482, 6, '0.0000000000'),
(3855, 482, 7, '19.3200000000'),
(3856, 482, 8, '0.0000000000'),
(3857, 483, 1, '82.9682620000'),
(3858, 483, 2, '-7.3884600000'),
(3859, 483, 3, '0.0001810000'),
(3860, 483, 4, '0.0001670000'),
(3861, 483, 5, '19.8700000000'),
(3862, 483, 6, '0.0000000000'),
(3863, 483, 7, '19.5500000000'),
(3864, 483, 8, '0.3200000000'),
(3865, 484, 1, '82.9555740000'),
(3866, 484, 2, '-7.3990540000'),
(3867, 484, 3, '0.0000410000'),
(3868, 484, 4, '0.0000290000'),
(3869, 484, 5, '25.2900000000'),
(3870, 484, 6, '0.0600000000'),
(3871, 484, 7, '25.3600000000'),
(3872, 484, 8, '0.1300000000'),
(3873, 485, 1, '82.9547500000'),
(3874, 485, 2, '-7.3761560000'),
(3875, 485, 3, '0.0000460000'),
(3876, 485, 4, '0.0000310000'),
(3877, 485, 5, '24.9700000000'),
(3878, 485, 6, '0.0600000000'),
(3879, 485, 7, '24.7900000000'),
(3880, 485, 8, '0.1300000000'),
(3881, 486, 1, '82.9613570000'),
(3882, 486, 2, '-7.3738590000'),
(3883, 486, 3, '0.0000810000'),
(3884, 486, 4, '0.0000740000'),
(3885, 486, 5, '19.2900000000'),
(3886, 486, 6, '0.0000000000'),
(3887, 486, 7, '19.0600000000'),
(3888, 486, 8, '0.0000000000'),
(3889, 487, 1, '82.9755780000'),
(3890, 487, 2, '-7.3814210000'),
(3891, 487, 3, '0.0000350000'),
(3892, 487, 4, '0.0000220000'),
(3893, 487, 5, '25.6900000000'),
(3894, 487, 6, '0.0800000000'),
(3895, 487, 7, '24.6200000000'),
(3896, 487, 8, '0.1300000000'),
(3897, 488, 1, '82.9781490000'),
(3898, 488, 2, '-7.3836990000'),
(3899, 488, 3, '0.0000310000'),
(3900, 488, 4, '0.0000240000'),
(3901, 488, 5, '27.9100000000'),
(3902, 488, 6, '0.1600000000'),
(3903, 488, 7, '25.9300000000'),
(3904, 488, 8, '0.1600000000'),
(3905, 489, 1, '82.9805760000'),
(3906, 489, 2, '-7.3833190000'),
(3907, 489, 3, '0.0000270000'),
(3908, 489, 4, '0.0000180000'),
(3909, 489, 5, '26.2900000000'),
(3910, 489, 6, '0.0700000000'),
(3911, 489, 7, '26.8500000000'),
(3912, 489, 8, '0.0700000000'),
(3913, 490, 1, '82.9738390000'),
(3914, 490, 2, '-7.3767130000'),
(3915, 490, 3, '0.0001150000'),
(3916, 490, 4, '0.0000800000'),
(3917, 490, 5, '23.4000000000'),
(3918, 490, 6, '0.0300000000'),
(3919, 490, 7, '23.0100000000'),
(3920, 490, 8, '0.0400000000'),
(3921, 491, 1, '82.9788820000'),
(3922, 491, 2, '-7.3909060000'),
(3923, 491, 3, '0.0000370000'),
(3924, 491, 4, '0.0000280000'),
(3925, 491, 5, '25.4900000000'),
(3926, 491, 6, '0.0800000000'),
(3927, 491, 7, '24.8900000000'),
(3928, 491, 8, '0.0900000000'),
(3929, 492, 1, '82.9691390000'),
(3930, 492, 2, '-7.3948220000'),
(3931, 492, 3, '0.0000660000'),
(3932, 492, 4, '0.0000420000'),
(3933, 492, 5, '23.9600000000'),
(3934, 492, 6, '0.0300000000'),
(3935, 492, 7, '23.7700000000'),
(3936, 492, 8, '0.0700000000'),
(3937, 493, 1, '82.9721910000'),
(3938, 493, 2, '-7.3971590000'),
(3939, 493, 3, '0.0000300000'),
(3940, 493, 4, '0.0000230000'),
(3941, 493, 5, '27.9100000000'),
(3942, 493, 6, '0.1400000000'),
(3943, 493, 7, '25.8600000000'),
(3944, 493, 8, '0.1400000000'),
(3945, 494, 1, '82.9805150000'),
(3946, 494, 2, '-7.4016340000'),
(3947, 494, 3, '0.0000650000'),
(3948, 494, 4, '0.0000550000'),
(3949, 494, 5, '22.9800000000'),
(3950, 494, 6, '0.0100000000'),
(3951, 494, 7, '22.7300000000'),
(3952, 494, 8, '0.0200000000'),
(3953, 495, 1, '82.9594120000'),
(3954, 495, 2, '-7.3901130000'),
(3955, 495, 3, '0.0000320000'),
(3956, 495, 4, '0.0000270000'),
(3957, 495, 5, '25.8300000000'),
(3958, 495, 6, '0.0600000000'),
(3959, 495, 7, '24.8400000000'),
(3960, 495, 8, '0.1400000000'),
(3961, 496, 1, '82.9584660000'),
(3962, 496, 2, '-7.4002910000'),
(3963, 496, 3, '0.0000260000'),
(3964, 496, 4, '0.0000230000'),
(3965, 496, 5, '25.9900000000'),
(3966, 496, 6, '0.1000000000'),
(3967, 496, 7, '24.9800000000'),
(3968, 496, 8, '0.1200000000'),
(3969, 497, 1, '82.9647140000'),
(3970, 497, 2, '-7.3953300000'),
(3971, 497, 3, '0.0000500000'),
(3972, 497, 4, '0.0000210000'),
(3973, 497, 5, '27.9100000000'),
(3974, 497, 6, '0.2400000000'),
(3975, 497, 7, '25.7000000000'),
(3976, 497, 8, '0.2400000000'),
(3977, 498, 1, '82.9700320000'),
(3978, 498, 2, '-7.3739830000'),
(3979, 498, 3, '0.0000320000'),
(3980, 498, 4, '0.0000310000'),
(3981, 498, 5, '25.7000000000'),
(3982, 498, 6, '0.0700000000'),
(3983, 498, 7, '25.3600000000'),
(3984, 498, 8, '0.1500000000'),
(3985, 499, 1, '82.9860150000'),
(3986, 499, 2, '-7.3963060000'),
(3987, 499, 3, '0.0000510000'),
(3988, 499, 4, '0.0000350000'),
(3989, 499, 5, '27.9100000000'),
(3990, 499, 6, '0.1100000000'),
(3991, 499, 7, '24.1500000000'),
(3992, 499, 8, '0.1100000000'),
(3993, 500, 1, '82.9605870000'),
(3994, 500, 2, '-7.3744400000'),
(3995, 500, 3, '0.0001380000'),
(3996, 500, 4, '0.0001040000'),
(3997, 500, 5, '21.6200000000'),
(3998, 500, 6, '0.0100000000'),
(3999, 500, 7, '21.2900000000'),
(4000, 500, 8, '0.0100000000'),
(4001, 501, 1, '82.9841080000'),
(4002, 501, 2, '-7.3774500000'),
(4003, 501, 3, '0.0000500000'),
(4004, 501, 4, '0.0000370000'),
(4005, 501, 5, '24.9900000000'),
(4006, 501, 6, '0.0500000000'),
(4007, 501, 7, '24.7000000000'),
(4008, 501, 8, '0.0900000000'),
(4009, 502, 1, '82.9713670000'),
(4010, 502, 2, '-7.3986900000'),
(4011, 502, 3, '0.0000700000'),
(4012, 502, 4, '0.0000530000'),
(4013, 502, 5, '24.0300000000'),
(4014, 502, 6, '1.1000000000'),
(4015, 502, 7, '24.0400000000'),
(4016, 502, 8, '9.4200000000'),
(4017, 503, 1, '82.9859310000'),
(4018, 503, 2, '-7.4008860000'),
(4019, 503, 3, '0.0000470000'),
(4020, 503, 4, '0.0000420000'),
(4021, 503, 5, '24.5000000000'),
(4022, 503, 6, '0.0300000000'),
(4023, 503, 7, '24.5100000000'),
(4024, 503, 8, '0.1100000000'),
(4025, 504, 1, '82.9694140000'),
(4026, 504, 2, '-7.3859240000'),
(4027, 504, 3, '0.0000350000'),
(4028, 504, 4, '0.0000210000'),
(4029, 504, 5, '27.9100000000'),
(4030, 504, 6, '0.1500000000'),
(4031, 504, 7, '25.0600000000'),
(4032, 504, 8, '0.1500000000'),
(4033, 505, 1, '82.9788590000'),
(4034, 505, 2, '-7.3892610000'),
(4035, 505, 3, '0.0000540000'),
(4036, 505, 4, '0.0000530000'),
(4037, 505, 5, '22.2000000000'),
(4038, 505, 6, '0.0000000000'),
(4039, 505, 7, '22.0800000000'),
(4040, 505, 8, '0.0100000000'),
(4041, 506, 1, '82.9780880000'),
(4042, 506, 2, '-7.3917850000'),
(4043, 506, 3, '0.0000440000'),
(4044, 506, 4, '0.0000230000'),
(4045, 506, 5, '27.9100000000'),
(4046, 506, 6, '0.1600000000'),
(4047, 506, 7, '25.0400000000'),
(4048, 506, 8, '0.1600000000'),
(4049, 507, 1, '82.9819180000'),
(4050, 507, 2, '-7.3890440000'),
(4051, 507, 3, '0.0000280000'),
(4052, 507, 4, '0.0000180000'),
(4053, 507, 5, '27.9100000000'),
(4054, 507, 6, '0.1800000000'),
(4055, 507, 7, '26.1200000000'),
(4056, 507, 8, '0.1800000000'),
(4057, 508, 1, '82.9864040000'),
(4058, 508, 2, '-7.3777580000'),
(4059, 508, 3, '0.0001190000'),
(4060, 508, 4, '0.0000550000'),
(4061, 508, 5, '23.1700000000'),
(4062, 508, 6, '0.0200000000'),
(4063, 508, 7, '22.9500000000'),
(4064, 508, 8, '0.0400000000'),
(4065, 509, 1, '82.9601290000'),
(4066, 509, 2, '-7.3885540000'),
(4067, 509, 3, '0.0000380000'),
(4068, 509, 4, '0.0000330000'),
(4069, 509, 5, '25.2500000000'),
(4070, 509, 6, '0.0500000000'),
(4071, 509, 7, '25.6900000000'),
(4072, 509, 8, '0.1500000000'),
(4073, 510, 1, '82.9683910000'),
(4074, 510, 2, '-7.3902420000'),
(4075, 510, 3, '0.0000500000'),
(4076, 510, 4, '0.0000480000'),
(4077, 510, 5, '23.0300000000'),
(4078, 510, 6, '0.0100000000'),
(4079, 510, 7, '22.5700000000'),
(4080, 510, 8, '0.0100000000'),
(4081, 511, 1, '82.9710620000'),
(4082, 511, 2, '-7.3738470000'),
(4083, 511, 3, '0.0000310000'),
(4084, 511, 4, '0.0000210000'),
(4085, 511, 5, '27.9100000000'),
(4086, 511, 6, '0.1600000000'),
(4087, 511, 7, '25.9000000000'),
(4088, 511, 8, '0.1600000000'),
(4089, 512, 1, '82.9539570000'),
(4090, 512, 2, '-7.3888780000'),
(4091, 512, 3, '0.0000280000'),
(4092, 512, 4, '0.0000180000'),
(4093, 512, 5, '27.9100000000'),
(4094, 512, 6, '0.1800000000'),
(4095, 512, 7, '25.2100000000'),
(4096, 512, 8, '0.1800000000'),
(4097, 513, 1, '82.9712600000'),
(4098, 513, 2, '-7.3859870000'),
(4099, 513, 3, '0.0001070000'),
(4100, 513, 4, '0.0000710000'),
(4101, 513, 5, '22.8200000000'),
(4102, 513, 6, '0.0100000000'),
(4103, 513, 7, '22.1500000000'),
(4104, 513, 8, '0.0200000000'),
(4105, 514, 1, '82.9669340000'),
(4106, 514, 2, '-7.3738380000'),
(4107, 514, 3, '0.0000800000'),
(4108, 514, 4, '0.0000500000'),
(4109, 514, 5, '23.6600000000'),
(4110, 514, 6, '0.0300000000'),
(4111, 514, 7, '26.8500000000'),
(4112, 514, 8, '0.0300000000'),
(4113, 515, 1, '82.9522710000'),
(4114, 515, 2, '-7.3995200000'),
(4115, 515, 3, '0.0000250000'),
(4116, 515, 4, '0.0000200000'),
(4117, 515, 5, '27.9100000000'),
(4118, 515, 6, '0.1700000000'),
(4119, 515, 7, '26.0700000000'),
(4120, 515, 8, '0.1700000000'),
(4121, 516, 1, '82.9768220000'),
(4122, 516, 2, '-7.3844920000'),
(4123, 516, 3, '0.0000520000'),
(4124, 516, 4, '0.0000230000'),
(4125, 516, 5, '25.4300000000'),
(4126, 516, 6, '0.0700000000'),
(4127, 516, 7, '24.5700000000'),
(4128, 516, 8, '0.1300000000'),
(4129, 517, 1, '82.9641270000'),
(4130, 517, 2, '-7.3794730000'),
(4131, 517, 3, '0.0001380000'),
(4132, 517, 4, '0.0000850000'),
(4133, 517, 5, '21.4200000000'),
(4134, 517, 6, '0.0000000000'),
(4135, 517, 7, '20.8900000000'),
(4136, 517, 8, '0.0100000000'),
(4137, 518, 1, '82.9670490000'),
(4138, 518, 2, '-7.3761960000'),
(4139, 518, 3, '0.0000420000'),
(4140, 518, 4, '0.0000300000'),
(4141, 518, 5, '25.2000000000'),
(4142, 518, 6, '0.0500000000'),
(4143, 518, 7, '24.5400000000'),
(4144, 518, 8, '0.0800000000'),
(4145, 519, 1, '82.9743580000'),
(4146, 519, 2, '-7.3997810000'),
(4147, 519, 3, '0.0000270000'),
(4148, 519, 4, '0.0000180000'),
(4149, 519, 5, '27.9100000000'),
(4150, 519, 6, '0.2200000000'),
(4151, 519, 7, '25.9400000000'),
(4152, 519, 8, '0.2200000000'),
(4153, 520, 1, '82.9834670000'),
(4154, 520, 2, '-7.3921290000'),
(4155, 520, 3, '0.0000640000'),
(4156, 520, 4, '0.0000430000'),
(4157, 520, 5, '24.1200000000'),
(4158, 520, 6, '0.0400000000'),
(4159, 520, 7, '24.0100000000'),
(4160, 520, 8, '0.0800000000'),
(4161, 521, 1, '82.9816820000'),
(4162, 521, 2, '-7.3759220000'),
(4163, 521, 3, '0.0000680000'),
(4164, 521, 4, '0.0000660000'),
(4165, 521, 5, '20.9800000000'),
(4166, 521, 6, '0.0000000000'),
(4167, 521, 7, '20.6200000000'),
(4168, 521, 8, '0.0000000000'),
(4169, 522, 1, '82.9589080000'),
(4170, 522, 2, '-7.3919190000'),
(4171, 522, 3, '0.0000310000'),
(4172, 522, 4, '0.0000190000'),
(4173, 522, 5, '26.0300000000'),
(4174, 522, 6, '0.0900000000'),
(4175, 522, 7, '25.1200000000'),
(4176, 522, 8, '0.1800000000'),
(4177, 523, 1, '82.9847180000'),
(4178, 523, 2, '-7.4049520000'),
(4179, 523, 3, '0.0000350000'),
(4180, 523, 4, '0.0000330000'),
(4181, 523, 5, '25.3300000000'),
(4182, 523, 6, '0.0700000000'),
(4183, 523, 7, '24.3300000000'),
(4184, 523, 8, '0.0900000000'),
(4185, 524, 1, '82.9822390000'),
(4186, 524, 2, '-7.3877920000'),
(4187, 524, 3, '0.0000350000'),
(4188, 524, 4, '0.0000230000'),
(4189, 524, 5, '27.9100000000'),
(4190, 524, 6, '0.1400000000'),
(4191, 524, 7, '25.7200000000'),
(4192, 524, 8, '0.1400000000'),
(4193, 525, 1, '82.9766390000'),
(4194, 525, 2, '-7.3804320000'),
(4195, 525, 3, '0.0000600000'),
(4196, 525, 4, '0.0000580000'),
(4197, 525, 5, '21.7000000000'),
(4198, 525, 6, '0.0000000000'),
(4199, 525, 7, '21.5000000000'),
(4200, 525, 8, '0.0100000000'),
(4201, 526, 1, '82.9502790000'),
(4202, 526, 2, '-7.3963500000'),
(4203, 526, 3, '0.0000640000'),
(4204, 526, 4, '0.0000260000'),
(4205, 526, 5, '24.0900000000'),
(4206, 526, 6, '414.1800000000'),
(4207, 526, 7, '23.4600000000'),
(4208, 526, 8, '527.9000000000'),
(4209, 527, 1, '82.9798200000'),
(4210, 527, 2, '-7.3730420000'),
(4211, 527, 3, '0.0000870000'),
(4212, 527, 4, '0.0000500000'),
(4213, 527, 5, '23.5100000000'),
(4214, 527, 6, '0.0300000000'),
(4215, 527, 7, '22.7800000000'),
(4216, 527, 8, '0.0500000000'),
(4217, 528, 1, '82.9815670000'),
(4218, 528, 2, '-7.4029910000'),
(4219, 528, 3, '0.0000350000'),
(4220, 528, 4, '0.0000260000'),
(4221, 528, 5, '25.1700000000'),
(4222, 528, 6, '0.0600000000'),
(4223, 528, 7, '24.7400000000'),
(4224, 528, 8, '0.1100000000'),
(4225, 529, 1, '82.9619900000'),
(4226, 529, 2, '-7.4025670000'),
(4227, 529, 3, '0.0000380000'),
(4228, 529, 4, '0.0000240000'),
(4229, 529, 5, '27.9100000000'),
(4230, 529, 6, '0.1600000000'),
(4231, 529, 7, '25.8200000000'),
(4232, 529, 8, '0.1600000000'),
(4233, 530, 1, '82.9605870000'),
(4234, 530, 2, '-7.3883110000'),
(4235, 530, 3, '0.0000390000'),
(4236, 530, 4, '0.0000340000'),
(4237, 530, 5, '25.2400000000'),
(4238, 530, 6, '0.0700000000'),
(4239, 530, 7, '25.3300000000'),
(4240, 530, 8, '0.1500000000'),
(4241, 531, 1, '82.9833980000'),
(4242, 531, 2, '-7.3808740000'),
(4243, 531, 3, '0.0000840000'),
(4244, 531, 4, '0.0000660000'),
(4245, 531, 5, '22.6400000000'),
(4246, 531, 6, '0.0100000000'),
(4247, 531, 7, '22.1900000000'),
(4248, 531, 8, '0.0200000000'),
(4249, 532, 1, '82.9668120000'),
(4250, 532, 2, '-7.3936690000'),
(4251, 532, 3, '0.0000420000'),
(4252, 532, 4, '0.0000400000'),
(4253, 532, 5, '25.0400000000'),
(4254, 532, 6, '0.0500000000'),
(4255, 532, 7, '24.8500000000'),
(4256, 532, 8, '0.1500000000'),
(4257, 533, 1, '82.9696730000'),
(4258, 533, 2, '-7.3817870000'),
(4259, 533, 3, '0.0001320000'),
(4260, 533, 4, '0.0001000000'),
(4261, 533, 5, '22.4700000000'),
(4262, 533, 6, '0.0200000000'),
(4263, 533, 7, '22.1300000000'),
(4264, 533, 8, '0.0300000000'),
(4265, 534, 1, '82.9829410000'),
(4266, 534, 2, '-7.3829540000'),
(4267, 534, 3, '0.0000420000'),
(4268, 534, 4, '0.0000310000'),
(4269, 534, 5, '25.2100000000'),
(4270, 534, 6, '0.1500000000'),
(4271, 534, 7, '25.1500000000'),
(4272, 534, 8, '0.1200000000'),
(4273, 535, 1, '82.9719470000'),
(4274, 535, 2, '-7.3834250000'),
(4275, 535, 3, '0.0000760000'),
(4276, 535, 4, '0.0000340000'),
(4277, 535, 5, '24.8600000000'),
(4278, 535, 6, '0.0500000000'),
(4279, 535, 7, '25.2300000000'),
(4280, 535, 8, '0.1500000000'),
(4281, 536, 1, '82.9657440000'),
(4282, 536, 2, '-7.3896020000'),
(4283, 536, 3, '0.0000310000'),
(4284, 536, 4, '0.0000300000'),
(4285, 536, 5, '25.6500000000'),
(4286, 536, 6, '0.0500000000'),
(4287, 536, 7, '25.8600000000'),
(4288, 536, 8, '0.1700000000'),
(4289, 537, 1, '82.9507900000'),
(4290, 537, 2, '-7.3935250000'),
(4291, 537, 3, '0.0000430000'),
(4292, 537, 4, '0.0000270000'),
(4293, 537, 5, '25.2500000000'),
(4294, 537, 6, '0.0900000000'),
(4295, 537, 7, '24.4400000000'),
(4296, 537, 8, '564.7400000000'),
(4297, 538, 1, '82.9514160000'),
(4298, 538, 2, '-7.3981130000'),
(4299, 538, 3, '0.0000350000'),
(4300, 538, 4, '0.0000260000'),
(4301, 538, 5, '25.6000000000'),
(4302, 538, 6, '0.0800000000'),
(4303, 538, 7, '24.9600000000'),
(4304, 538, 8, '0.1700000000'),
(4305, 539, 1, '82.9801330000'),
(4306, 539, 2, '-7.3719960000'),
(4307, 539, 3, '0.0000820000'),
(4308, 539, 4, '0.0000700000'),
(4309, 539, 5, '22.4000000000'),
(4310, 539, 6, '1.7500000000'),
(4311, 539, 7, '21.7700000000'),
(4312, 539, 8, '2.2600000000'),
(4313, 540, 1, '82.9623720000'),
(4314, 540, 2, '-7.3857190000'),
(4315, 540, 3, '0.0000470000'),
(4316, 540, 4, '0.0000380000'),
(4317, 540, 5, '24.5200000000'),
(4318, 540, 6, '0.0500000000'),
(4319, 540, 7, '23.7200000000'),
(4320, 540, 8, '0.0800000000'),
(4321, 541, 1, '82.9688110000'),
(4322, 541, 2, '-7.3892940000'),
(4323, 541, 3, '0.0000410000'),
(4324, 541, 4, '0.0000380000'),
(4325, 541, 5, '24.7500000000'),
(4326, 541, 6, '0.0400000000'),
(4327, 541, 7, '24.3200000000'),
(4328, 541, 8, '0.1000000000'),
(4329, 542, 1, '82.9540180000'),
(4330, 542, 2, '-7.3847820000'),
(4331, 542, 3, '0.0000570000'),
(4332, 542, 4, '0.0000330000'),
(4333, 542, 5, '24.7700000000'),
(4334, 542, 6, '0.0400000000'),
(4335, 542, 7, '24.5700000000'),
(4336, 542, 8, '0.1000000000'),
(4337, 543, 1, '82.9513630000'),
(4338, 543, 2, '-7.3993040000'),
(4339, 543, 3, '0.0000600000'),
(4340, 543, 4, '0.0000570000'),
(4341, 543, 5, '23.1300000000'),
(4342, 543, 6, '0.0100000000'),
(4343, 543, 7, '22.7100000000'),
(4344, 543, 8, '0.0200000000'),
(4345, 544, 1, '82.9516530000'),
(4346, 544, 2, '-7.3960260000'),
(4347, 544, 3, '0.0000250000'),
(4348, 544, 4, '0.0000200000'),
(4349, 544, 5, '27.9100000000'),
(4350, 544, 6, '0.2100000000'),
(4351, 544, 7, '26.4300000000'),
(4352, 544, 8, '0.2100000000'),
(4353, 545, 1, '82.9733280000'),
(4354, 545, 2, '-7.3913550000'),
(4355, 545, 3, '0.0001020000'),
(4356, 545, 4, '0.0000840000'),
(4357, 545, 5, '22.4900000000'),
(4358, 545, 6, '0.0100000000'),
(4359, 545, 7, '22.0300000000'),
(4360, 545, 8, '0.0200000000'),
(4361, 546, 1, '82.9804380000'),
(4362, 546, 2, '-7.3943390000'),
(4363, 546, 3, '0.0000450000'),
(4364, 546, 4, '0.0000370000'),
(4365, 546, 5, '25.0000000000'),
(4366, 546, 6, '0.0500000000'),
(4367, 546, 7, '24.9500000000'),
(4368, 546, 8, '0.1400000000'),
(4369, 547, 1, '82.9795230000'),
(4370, 547, 2, '-7.3839150000'),
(4371, 547, 3, '0.0000250000'),
(4372, 547, 4, '0.0000200000'),
(4373, 547, 5, '27.9100000000'),
(4374, 547, 6, '0.1900000000'),
(4375, 547, 7, '26.3600000000'),
(4376, 547, 8, '0.1900000000'),
(4377, 548, 1, '82.9626160000'),
(4378, 548, 2, '-7.3815990000'),
(4379, 548, 3, '0.0000260000'),
(4380, 548, 4, '0.0000200000'),
(4381, 548, 5, '27.9100000000'),
(4382, 548, 6, '0.1500000000'),
(4383, 548, 7, '25.9700000000'),
(4384, 548, 8, '0.1500000000'),
(4385, 549, 1, '82.9613420000'),
(4386, 549, 2, '-7.3763520000'),
(4387, 549, 3, '0.0000430000'),
(4388, 549, 4, '0.0000270000'),
(4389, 549, 5, '25.4000000000'),
(4390, 549, 6, '0.0600000000'),
(4391, 549, 7, '24.8700000000'),
(4392, 549, 8, '0.1700000000'),
(4393, 550, 1, '82.9886320000'),
(4394, 550, 2, '-7.3877300000'),
(4395, 550, 3, '0.0001050000'),
(4396, 550, 4, '0.0000320000'),
(4397, 550, 5, '27.9100000000'),
(4398, 550, 6, '0.1100000000'),
(4399, 550, 7, '24.0800000000'),
(4400, 550, 8, '0.1100000000'),
(4401, 551, 1, '82.9600680000'),
(4402, 551, 2, '-7.3994720000'),
(4403, 551, 3, '0.0000720000'),
(4404, 551, 4, '0.0000460000'),
(4405, 551, 5, '23.4200000000'),
(4406, 551, 6, '0.0200000000'),
(4407, 551, 7, '22.8800000000'),
(4408, 551, 8, '0.0300000000'),
(4409, 552, 1, '82.9603650000'),
(4410, 552, 2, '-7.3994630000'),
(4411, 552, 3, '0.0000480000'),
(4412, 552, 4, '0.0000320000'),
(4413, 552, 5, '27.9100000000'),
(4414, 552, 6, '0.1600000000'),
(4415, 552, 7, '25.2600000000'),
(4416, 552, 8, '0.1600000000'),
(4417, 553, 1, '82.9799580000'),
(4418, 553, 2, '-7.3871320000'),
(4419, 553, 3, '0.0000360000'),
(4420, 553, 4, '0.0000300000'),
(4421, 553, 5, '27.9100000000'),
(4422, 553, 6, '0.1200000000'),
(4423, 553, 7, '25.2700000000'),
(4424, 553, 8, '0.1200000000'),
(4425, 554, 1, '82.9842300000'),
(4426, 554, 2, '-7.3814060000'),
(4427, 554, 3, '0.0000570000'),
(4428, 554, 4, '0.0000260000'),
(4429, 554, 5, '24.9200000000'),
(4430, 554, 6, '0.0600000000'),
(4431, 554, 7, '24.8700000000'),
(4432, 554, 8, '0.1100000000'),
(4433, 555, 1, '82.9708100000'),
(4434, 555, 2, '-7.4019690000'),
(4435, 555, 3, '0.0001810000'),
(4436, 555, 4, '0.0001050000'),
(4437, 555, 5, '19.8700000000'),
(4438, 555, 6, '0.0000000000'),
(4439, 555, 7, '19.3400000000'),
(4440, 555, 8, '0.0000000000'),
(4441, 556, 1, '82.9704130000'),
(4442, 556, 2, '-7.3929750000'),
(4443, 556, 3, '0.0000430000'),
(4444, 556, 4, '0.0000390000'),
(4445, 556, 5, '24.8200000000'),
(4446, 556, 6, '0.0400000000'),
(4447, 556, 7, '24.4300000000'),
(4448, 556, 8, '0.0900000000'),
(4449, 557, 1, '82.9840850000'),
(4450, 557, 2, '-7.3924430000'),
(4451, 557, 3, '0.0000740000'),
(4452, 557, 4, '0.0000480000'),
(4453, 557, 5, '22.8000000000'),
(4454, 557, 6, '0.0100000000'),
(4455, 557, 7, '22.5500000000'),
(4456, 557, 8, '0.0200000000'),
(4457, 558, 1, '82.9524000000'),
(4458, 558, 2, '-7.4016450000'),
(4459, 558, 3, '0.0000850000'),
(4460, 558, 4, '0.0000480000'),
(4461, 558, 5, '27.9100000000'),
(4462, 558, 6, '1.5300000000'),
(4463, 558, 7, '22.8800000000'),
(4464, 558, 8, '1.5300000000'),
(4465, 559, 1, '82.9630130000'),
(4466, 559, 2, '-7.3895260000'),
(4467, 559, 3, '0.0000610000'),
(4468, 559, 4, '0.0000400000'),
(4469, 559, 5, '24.5200000000'),
(4470, 559, 6, '0.0400000000'),
(4471, 559, 7, '24.1500000000'),
(4472, 559, 8, '0.0800000000'),
(4473, 560, 1, '82.9812010000'),
(4474, 560, 2, '-7.3965150000'),
(4475, 560, 3, '0.0000520000'),
(4476, 560, 4, '0.0000260000'),
(4477, 560, 5, '27.9100000000'),
(4478, 560, 6, '0.1800000000'),
(4479, 560, 7, '24.7100000000'),
(4480, 560, 8, '0.1800000000'),
(4481, 561, 1, '82.9832080000'),
(4482, 561, 2, '-7.3846500000'),
(4483, 561, 3, '0.0000450000'),
(4484, 561, 4, '0.0000330000'),
(4485, 561, 5, '25.0800000000'),
(4486, 561, 6, '0.0700000000'),
(4487, 561, 7, '24.8300000000'),
(4488, 561, 8, '0.1400000000'),
(4489, 562, 1, '82.9672780000'),
(4490, 562, 2, '-7.3860540000'),
(4491, 562, 3, '0.0001200000'),
(4492, 562, 4, '0.0000380000'),
(4493, 562, 5, '27.9100000000'),
(4494, 562, 6, '0.0800000000'),
(4495, 562, 7, '23.5000000000'),
(4496, 562, 8, '0.0800000000'),
(4497, 563, 1, '82.9764100000'),
(4498, 563, 2, '-7.3976090000'),
(4499, 563, 3, '0.0000410000'),
(4500, 563, 4, '0.0000330000'),
(4501, 563, 5, '24.9900000000'),
(4502, 563, 6, '0.0400000000'),
(4503, 563, 7, '24.7200000000'),
(4504, 563, 8, '0.0800000000'),
(4505, 564, 1, '82.9842000000'),
(4506, 564, 2, '-7.3876020000'),
(4507, 564, 3, '0.0000430000'),
(4508, 564, 4, '0.0000400000'),
(4509, 564, 5, '24.4300000000'),
(4510, 564, 6, '0.0300000000'),
(4511, 564, 7, '24.1600000000'),
(4512, 564, 8, '0.0600000000'),
(4513, 565, 1, '82.9635470000'),
(4514, 565, 2, '-7.3719340000'),
(4515, 565, 3, '0.0000300000'),
(4516, 565, 4, '0.0000240000'),
(4517, 565, 5, '27.9100000000'),
(4518, 565, 6, '0.2100000000'),
(4519, 565, 7, '25.3300000000'),
(4520, 565, 8, '0.2100000000'),
(4521, 566, 1, '82.9603040000'),
(4522, 566, 2, '-7.3952780000'),
(4523, 566, 3, '0.0000480000'),
(4524, 566, 4, '0.0000120000'),
(4525, 566, 5, '27.9100000000'),
(4526, 566, 6, '0.2000000000'),
(4527, 566, 7, '25.4300000000'),
(4528, 566, 8, '0.2000000000'),
(4529, 567, 1, '82.9756550000'),
(4530, 567, 2, '-7.4050080000'),
(4531, 567, 3, '0.0000390000'),
(4532, 567, 4, '0.0000360000'),
(4533, 567, 5, '24.9500000000'),
(4534, 567, 6, '0.0500000000'),
(4535, 567, 7, '24.7700000000'),
(4536, 567, 8, '0.1200000000');

-- --------------------------------------------------------

--
-- Structure de la table `ds9s_galaxyfields`
--

CREATE TABLE IF NOT EXISTS `ds9s_galaxyfields` (
`id` int(11) NOT NULL,
  `name` varchar(254) NOT NULL,
  `shortname` varchar(254) NOT NULL
) ENGINE=InnoDB  DEFAULT CHARSET=latin1 AUTO_INCREMENT=11 ;

--
-- Contenu de la table `ds9s_galaxyfields`
--

INSERT INTO `ds9s_galaxyfields` (`id`, `name`, `shortname`) VALUES
(1, 'ra', 'X_WORLD'),
(2, 'dec', 'Y_WORLD'),
(3, 'Major axis', 'A_WORLD'),
(4, 'Minor axis', 'B_WORLD'),
(5, 'F110_MAG_F1153W', 'f110mag'),
(6, 'F110_MAGERR_AUTO', 'f110magauto'),
(7, 'F160_MAG_F1573W', 'f160mag'),
(8, 'F160_MAGERR_AUTO', 'f160magauto'),
(9, 'F140_MAG_FXXXXW', 'f140mag'),
(10, 'F140_MAGERR_AUTO', 'f140magauto');

-- --------------------------------------------------------

--
-- Structure de la table `ds9s_parfolder`
--

CREATE TABLE IF NOT EXISTS `ds9s_parfolder` (
`id` int(11) NOT NULL,
  `name_par` varchar(254) DEFAULT NULL,
  `fieldId_par` int(11) NOT NULL,
  `date_upload` datetime NOT NULL
) ENGINE=InnoDB  DEFAULT CHARSET=latin1 AUTO_INCREMENT=2 ;

--
-- Contenu de la table `ds9s_parfolder`
--

INSERT INTO `ds9s_parfolder` (`id`, `name_par`, `fieldId_par`, `date_upload`) VALUES
(1, 'Par321_final', 321, '2014-10-18 20:08:18');

--
-- Index pour les tables exportées
--

--
-- Index pour la table `auth_group`
--
ALTER TABLE `auth_group`
 ADD PRIMARY KEY (`id`), ADD UNIQUE KEY `name` (`name`);

--
-- Index pour la table `auth_group_permissions`
--
ALTER TABLE `auth_group_permissions`
 ADD PRIMARY KEY (`id`), ADD UNIQUE KEY `group_id` (`group_id`,`permission_id`), ADD KEY `auth_group_permissions_0e939a4f` (`group_id`), ADD KEY `auth_group_permissions_8373b171` (`permission_id`);

--
-- Index pour la table `auth_permission`
--
ALTER TABLE `auth_permission`
 ADD PRIMARY KEY (`id`), ADD UNIQUE KEY `content_type_id` (`content_type_id`,`codename`), ADD KEY `auth_permission_417f1b1c` (`content_type_id`);

--
-- Index pour la table `auth_user`
--
ALTER TABLE `auth_user`
 ADD PRIMARY KEY (`id`), ADD UNIQUE KEY `username` (`username`);

--
-- Index pour la table `auth_user_groups`
--
ALTER TABLE `auth_user_groups`
 ADD PRIMARY KEY (`id`), ADD UNIQUE KEY `user_id` (`user_id`,`group_id`), ADD KEY `auth_user_groups_e8701ad4` (`user_id`), ADD KEY `auth_user_groups_0e939a4f` (`group_id`);

--
-- Index pour la table `auth_user_user_permissions`
--
ALTER TABLE `auth_user_user_permissions`
 ADD PRIMARY KEY (`id`), ADD UNIQUE KEY `user_id` (`user_id`,`permission_id`), ADD KEY `auth_user_user_permissions_e8701ad4` (`user_id`), ADD KEY `auth_user_user_permissions_8373b171` (`permission_id`);

--
-- Index pour la table `django_admin_log`
--
ALTER TABLE `django_admin_log`
 ADD PRIMARY KEY (`id`), ADD KEY `django_admin_log_417f1b1c` (`content_type_id`), ADD KEY `django_admin_log_e8701ad4` (`user_id`);

--
-- Index pour la table `django_content_type`
--
ALTER TABLE `django_content_type`
 ADD PRIMARY KEY (`id`), ADD UNIQUE KEY `django_content_type_app_label_45f3b1d93ec8c61c_uniq` (`app_label`,`model`);

--
-- Index pour la table `django_migrations`
--
ALTER TABLE `django_migrations`
 ADD PRIMARY KEY (`id`);

--
-- Index pour la table `django_session`
--
ALTER TABLE `django_session`
 ADD PRIMARY KEY (`session_key`), ADD KEY `django_session_de54fa62` (`expire_date`);

--
-- Index pour la table `ds9s_analysis`
--
ALTER TABLE `ds9s_analysis`
 ADD PRIMARY KEY (`id`), ADD KEY `ds9s_analysis_6340c63c` (`user_id`), ADD KEY `ds9s_analysis_a20043b3` (`galaxy_id`), ADD KEY `ds9s_analysis_a20b570f` (`emissionline_id`);

--
-- Index pour la table `ds9s_emissionfeatures`
--
ALTER TABLE `ds9s_emissionfeatures`
 ADD PRIMARY KEY (`id`), ADD KEY `ds9s_emissionfeatures_c5f9b329` (`emissionlinefields_id`), ADD KEY `ds9s_emissionfeatures_a20b570f` (`emissionline_id`);

--
-- Index pour la table `ds9s_emissionline`
--
ALTER TABLE `ds9s_emissionline`
 ADD PRIMARY KEY (`id`);

--
-- Index pour la table `ds9s_emissionlinefields`
--
ALTER TABLE `ds9s_emissionlinefields`
 ADD PRIMARY KEY (`id`);

--
-- Index pour la table `ds9s_galaxy`
--
ALTER TABLE `ds9s_galaxy`
 ADD PRIMARY KEY (`id`), ADD KEY `ds9s_galaxy_4c728e1f` (`parfolder_id`);

--
-- Index pour la table `ds9s_galaxyfeatures`
--
ALTER TABLE `ds9s_galaxyfeatures`
 ADD PRIMARY KEY (`id`), ADD KEY `ds9s_galaxyfeatures_a20043b3` (`galaxy_id`), ADD KEY `ds9s_galaxyfeatures_662b3126` (`galaxyfields_id`);

--
-- Index pour la table `ds9s_galaxyfields`
--
ALTER TABLE `ds9s_galaxyfields`
 ADD PRIMARY KEY (`id`);

--
-- Index pour la table `ds9s_parfolder`
--
ALTER TABLE `ds9s_parfolder`
 ADD PRIMARY KEY (`id`);

--
-- AUTO_INCREMENT pour les tables exportées
--

--
-- AUTO_INCREMENT pour la table `auth_group`
--
ALTER TABLE `auth_group`
MODIFY `id` int(11) NOT NULL AUTO_INCREMENT;
--
-- AUTO_INCREMENT pour la table `auth_group_permissions`
--
ALTER TABLE `auth_group_permissions`
MODIFY `id` int(11) NOT NULL AUTO_INCREMENT;
--
-- AUTO_INCREMENT pour la table `auth_permission`
--
ALTER TABLE `auth_permission`
MODIFY `id` int(11) NOT NULL AUTO_INCREMENT,AUTO_INCREMENT=43;
--
-- AUTO_INCREMENT pour la table `auth_user`
--
ALTER TABLE `auth_user`
MODIFY `id` int(11) NOT NULL AUTO_INCREMENT,AUTO_INCREMENT=2;
--
-- AUTO_INCREMENT pour la table `auth_user_groups`
--
ALTER TABLE `auth_user_groups`
MODIFY `id` int(11) NOT NULL AUTO_INCREMENT;
--
-- AUTO_INCREMENT pour la table `auth_user_user_permissions`
--
ALTER TABLE `auth_user_user_permissions`
MODIFY `id` int(11) NOT NULL AUTO_INCREMENT;
--
-- AUTO_INCREMENT pour la table `django_admin_log`
--
ALTER TABLE `django_admin_log`
MODIFY `id` int(11) NOT NULL AUTO_INCREMENT;
--
-- AUTO_INCREMENT pour la table `django_content_type`
--
ALTER TABLE `django_content_type`
MODIFY `id` int(11) NOT NULL AUTO_INCREMENT,AUTO_INCREMENT=15;
--
-- AUTO_INCREMENT pour la table `django_migrations`
--
ALTER TABLE `django_migrations`
MODIFY `id` int(11) NOT NULL AUTO_INCREMENT,AUTO_INCREMENT=5;
--
-- AUTO_INCREMENT pour la table `ds9s_analysis`
--
ALTER TABLE `ds9s_analysis`
MODIFY `id` int(11) NOT NULL AUTO_INCREMENT,AUTO_INCREMENT=5;
--
-- AUTO_INCREMENT pour la table `ds9s_emissionfeatures`
--
ALTER TABLE `ds9s_emissionfeatures`
MODIFY `id` int(11) NOT NULL AUTO_INCREMENT,AUTO_INCREMENT=171;
--
-- AUTO_INCREMENT pour la table `ds9s_emissionline`
--
ALTER TABLE `ds9s_emissionline`
MODIFY `id` int(11) NOT NULL AUTO_INCREMENT,AUTO_INCREMENT=11;
--
-- AUTO_INCREMENT pour la table `ds9s_emissionlinefields`
--
ALTER TABLE `ds9s_emissionlinefields`
MODIFY `id` int(11) NOT NULL AUTO_INCREMENT,AUTO_INCREMENT=18;
--
-- AUTO_INCREMENT pour la table `ds9s_galaxy`
--
ALTER TABLE `ds9s_galaxy`
MODIFY `id` int(11) NOT NULL AUTO_INCREMENT,AUTO_INCREMENT=568;
--
-- AUTO_INCREMENT pour la table `ds9s_galaxyfeatures`
--
ALTER TABLE `ds9s_galaxyfeatures`
MODIFY `id` int(11) NOT NULL AUTO_INCREMENT,AUTO_INCREMENT=4537;
--
-- AUTO_INCREMENT pour la table `ds9s_galaxyfields`
--
ALTER TABLE `ds9s_galaxyfields`
MODIFY `id` int(11) NOT NULL AUTO_INCREMENT,AUTO_INCREMENT=11;
--
-- AUTO_INCREMENT pour la table `ds9s_parfolder`
--
ALTER TABLE `ds9s_parfolder`
MODIFY `id` int(11) NOT NULL AUTO_INCREMENT,AUTO_INCREMENT=2;
--
-- Contraintes pour les tables exportées
--

--
-- Contraintes pour la table `auth_group_permissions`
--
ALTER TABLE `auth_group_permissions`
ADD CONSTRAINT `auth_group__permission_id_1f49ccbbdc69d2fc_fk_auth_permission_id` FOREIGN KEY (`permission_id`) REFERENCES `auth_permission` (`id`),
ADD CONSTRAINT `auth_group_permission_group_id_689710a9a73b7457_fk_auth_group_id` FOREIGN KEY (`group_id`) REFERENCES `auth_group` (`id`);

--
-- Contraintes pour la table `auth_permission`
--
ALTER TABLE `auth_permission`
ADD CONSTRAINT `auth__content_type_id_508cf46651277a81_fk_django_content_type_id` FOREIGN KEY (`content_type_id`) REFERENCES `django_content_type` (`id`);

--
-- Contraintes pour la table `auth_user_groups`
--
ALTER TABLE `auth_user_groups`
ADD CONSTRAINT `auth_user_groups_group_id_33ac548dcf5f8e37_fk_auth_group_id` FOREIGN KEY (`group_id`) REFERENCES `auth_group` (`id`),
ADD CONSTRAINT `auth_user_groups_user_id_4b5ed4ffdb8fd9b0_fk_auth_user_id` FOREIGN KEY (`user_id`) REFERENCES `auth_user` (`id`);

--
-- Contraintes pour la table `auth_user_user_permissions`
--
ALTER TABLE `auth_user_user_permissions`
ADD CONSTRAINT `auth_user_u_permission_id_384b62483d7071f0_fk_auth_permission_id` FOREIGN KEY (`permission_id`) REFERENCES `auth_permission` (`id`),
ADD CONSTRAINT `auth_user_user_permissi_user_id_7f0938558328534a_fk_auth_user_id` FOREIGN KEY (`user_id`) REFERENCES `auth_user` (`id`);

--
-- Contraintes pour la table `django_admin_log`
--
ALTER TABLE `django_admin_log`
ADD CONSTRAINT `djang_content_type_id_697914295151027a_fk_django_content_type_id` FOREIGN KEY (`content_type_id`) REFERENCES `django_content_type` (`id`),
ADD CONSTRAINT `django_admin_log_user_id_52fdd58701c5f563_fk_auth_user_id` FOREIGN KEY (`user_id`) REFERENCES `auth_user` (`id`);

--
-- Contraintes pour la table `ds9s_analysis`
--
ALTER TABLE `ds9s_analysis`
ADD CONSTRAINT `emissionline_id_refs_id_cff2e9f7` FOREIGN KEY (`emissionline_id`) REFERENCES `ds9s_emissionline` (`id`),
ADD CONSTRAINT `galaxy_id_refs_id_02117f9b` FOREIGN KEY (`galaxy_id`) REFERENCES `ds9s_galaxy` (`id`);

--
-- Contraintes pour la table `ds9s_emissionfeatures`
--
ALTER TABLE `ds9s_emissionfeatures`
ADD CONSTRAINT `emissionline_id_refs_id_1a2e276f` FOREIGN KEY (`emissionline_id`) REFERENCES `ds9s_emissionline` (`id`),
ADD CONSTRAINT `emissionlinefields_id_refs_id_04b31e04` FOREIGN KEY (`emissionlinefields_id`) REFERENCES `ds9s_emissionlinefields` (`id`);

--
-- Contraintes pour la table `ds9s_galaxy`
--
ALTER TABLE `ds9s_galaxy`
ADD CONSTRAINT `parfolder_id_refs_id_e64dc8df` FOREIGN KEY (`parfolder_id`) REFERENCES `ds9s_parfolder` (`id`);

--
-- Contraintes pour la table `ds9s_galaxyfeatures`
--
ALTER TABLE `ds9s_galaxyfeatures`
ADD CONSTRAINT `galaxy_id_refs_id_b6dce058` FOREIGN KEY (`galaxy_id`) REFERENCES `ds9s_galaxy` (`id`),
ADD CONSTRAINT `galaxyfields_id_refs_id_1ccd0eed` FOREIGN KEY (`galaxyfields_id`) REFERENCES `ds9s_galaxyfields` (`id`);

/*!40101 SET CHARACTER_SET_CLIENT=@OLD_CHARACTER_SET_CLIENT */;
/*!40101 SET CHARACTER_SET_RESULTS=@OLD_CHARACTER_SET_RESULTS */;
/*!40101 SET COLLATION_CONNECTION=@OLD_COLLATION_CONNECTION */;
